,draft_year,player_id,player_name,position,pos_abbr,school_x,school_name,school_abbr,link,pick,overall,round,traded,trade_note,team,team_abbr,team_logo_espn,guid,weight,height,pos_rk,ovr_rk,grade,player_image,Year,College,POS,Height (in),Weight (lbs),Hand Size (in),Arm Length (in),Wonderlic,40 Yard,Bench Press,Vert Leap (in),Broad Jump (in),Shuttle,3Cone,60Yd Shuttle,Unnamed: 0,alt_player_id,school_y,Total Receptions,Mean Receptions,Highest Receptions,Lowest Receptions,Total Receiving Yards,Mean Receiving Yards,Highest Receiving Yards,Lowest Receiving Yards,Total Receiving Touchdowns,Mean Receiving Touchdowns,Highest Receiving Touchdowns,Lowest Receiving Touchdowns,Total Yards Per Reception,Mean Yards Per Reception,Highest Yards Per Reception,Lowest Yards Per Reception,Total Long Reception,Mean Long Reception,Highest Long Reception,Lowest Long Reception
0,2016,50130,Michael Thomas,Wide Receiver,WR,Southern Mississippi,Golden Eagles,USM,http://insider.espn.com/nfl/draft/player/_/id/50130,31.0,206.0,6.0,True,From CAR through CHI,Los Angeles Rams,LAR,https://a.espncdn.com/i/teamlogos/nfl/500/scoreboard/lar.png,e6e86befe21f32fe53057d6fe0389b99,193.0,73.0,49.0,324.0,33.0,,2016.0,Ohio State,WR,74.75,212.0,10.5,32.13,,4.57,18.0,35.0,126.0,4.13,6.8,11.7,724,3123986,Southern Mississippi,112.0,56.0,71.0,41.0,1983.0,991.5,1391.0,592.0,38.0,9.5,14.0,5.0,34.0,17.0,19.6,14.4,113.0,56.5,69.0,44.0
1,2016,50142,Hunter Sharp,Wide Receiver,WR,Utah State,Aggies,USU,http://insider.espn.com/nfl/draft/player/_/id/50142,,,,,,,,,57a1850290ca374b687265475f4baa7e,198.0,71.5,29.0,206.0,51.0,,2016.0,Utah State,WR,71.5,198.0,9.38,31.63,,4.58,12.0,32.5,116.0,4.19,7.12,11.4,770,3125354,Utah State,137.0,68.5,71.0,66.0,1774.0,887.0,939.0,835.0,32.0,8.0,9.0,7.0,26.0,13.0,14.2,11.8,130.0,65.0,81.0,49.0
2,2016,50446,Roger Lewis,Wide Receiver,WR,Bowling Green,Falcons,BGSU,http://insider.espn.com/nfl/draft/player/_/id/50446,,,,,,,,,af9aa5a165c5e28a4bee1b9fdcb59004,201.0,72.375,36.0,239.0,46.0,,2016.0,Bowling Green (OH),WR,72.38,201.0,9.75,32.0,,4.57,8.0,33.5,116.0,4.49,7.69,,844,3125745,Bowling Green,158.0,79.0,85.0,73.0,2637.0,1318.5,1544.0,1093.0,46.0,11.5,16.0,7.0,33.2,16.6,18.2,15.0,176.0,88.0,94.0,82.0
3,2017,51813,Curtis Samuel,Wide Receiver,WR,Ohio State,Buckeyes,OSU,http://insider.espn.com/nfl/draft/player/_/id/51813,8.0,40.0,2.0,False,,Carolina Panthers,CAR,https://a.espncdn.com/i/teamlogos/nfl/500/scoreboard/car.png,9530e5bc72538404dcc6f086968f3f93,196.0,71.0,5.0,42.0,86.0,https://a.espncdn.com/i/headshots/nfldraft/players/full/51813.png,2017.0,Ohio State,WR,71.0,196.0,9.5,31.25,22.0,4.31,18.0,37.0,119.0,4.33,7.09,,1782,3121427,Ohio State,107.0,35.666666666666664,74.0,11.0,1249.0,416.3333333333333,865.0,95.0,18.0,3.0,7.0,0.0,33.4,11.133333333333333,13.1,8.6,149.0,49.66666666666666,79.0,30.0
4,2017,51581,JuJu Smith-Schuster,Wide Receiver,WR,USC,Trojans,USC,http://insider.espn.com/nfl/draft/player/_/id/51581,30.0,62.0,2.0,False,,Pittsburgh Steelers,PIT,https://a.espncdn.com/i/teamlogos/nfl/500/scoreboard/pit.png,c388f414394fc68aba24be496c43eb28,215.0,73.0,6.0,51.0,83.0,https://a.espncdn.com/i/headshots/nfldraft/players/full/51581.png,2017.0,Southern California,WR,73.25,215.0,10.5,32.88,,4.54,15.0,32.5,120.0,5.01,7.04,,2336,3120348,USC,213.0,71.0,89.0,54.0,3092.0,1030.6666666666667,1454.0,724.0,50.0,8.333333333333334,10.0,5.0,42.8,14.266666666666667,16.3,13.1,195.0,65.0,75.0,53.0
5,2017,51796,Chris Godwin,Wide Receiver,WR,Penn State,Nittany Lions,PSU,http://insider.espn.com/nfl/draft/player/_/id/51796,20.0,84.0,3.0,False,,Tampa Bay Buccaneers,TB,https://a.espncdn.com/i/teamlogos/nfl/500/scoreboard/tb.png,20e1bec6fb6a9ab192e0c13eff7a7d42,209.0,73.0,11.0,106.0,72.0,https://a.espncdn.com/i/headshots/nfldraft/players/full/51796.png,2017.0,Penn State,WR,73.0,209.0,9.13,31.625,,4.42,19.0,36.0,125.0,4.0,7.01,,2474,3116165,Penn State,154.0,51.333333333333336,69.0,26.0,2421.0,807.0,1101.0,338.0,36.0,6.0,11.0,2.0,45.6,15.2,16.6,13.0,200.0,66.66666666666667,72.0,56.0
6,2017,51802,Isaiah McKenzie,Wide Receiver,WR,Georgia,Bulldogs,UGA,http://insider.espn.com/nfl/draft/player/_/id/51802,29.0,172.0,5.0,True,From GB,Denver Broncos,DEN,https://a.espncdn.com/i/teamlogos/nfl/500/scoreboard/den.png,8c65f999fc9f9613a6db05c1de1bf02d,173.0,68.0,20.0,152.0,60.0,https://a.espncdn.com/i/headshots/nfldraft/players/full/51802.png,2017.0,Georgia,WR,67.25,173.0,8.88,28.875,,4.42,11.0,36.0,123.0,4.15,6.64,,3167,3128724,Georgia,60.0,20.0,44.0,6.0,823.0,274.3333333333333,633.0,67.0,14.0,2.333333333333333,7.0,0.0,37.9,12.633333333333333,14.4,11.2,143.0,47.66666666666666,77.0,30.0
7,2017,51709,Isaiah Ford,Wide Receiver,WR,Virginia Tech,Hokies,VT,http://insider.espn.com/nfl/draft/player/_/id/51709,19.0,237.0,7.0,True,From TB,Miami Dolphins,MIA,https://a.espncdn.com/i/teamlogos/nfl/500/scoreboard/mia.png,9aff9258bc11da4fa4bea5dd9042b078,194.0,73.0,35.0,218.0,47.0,https://a.espncdn.com/i/headshots/nfldraft/players/full/51709.png,2017.0,Virginia Tech,WR,73.25,194.0,9.25,32.63,,4.61,14.0,35.5,127.0,4.34,6.94,,3404,3124069,Virginia Tech,210.0,70.0,79.0,56.0,2967.0,989.0,1164.0,709.0,48.0,8.0,11.0,6.0,42.0,14.0,15.5,12.7,161.0,53.66666666666666,75.0,33.0
8,2017,51798,Noah Brown,Wide Receiver,WR,Ohio State,Buckeyes,OSU,http://insider.espn.com/nfl/draft/player/_/id/51798,21.0,239.0,7.0,True,From DET through NE,Dallas Cowboys,DAL,https://a.espncdn.com/i/teamlogos/nfl/500/scoreboard/dal.png,03b90b76cd10345020c938815331d6bb,222.0,74.0,36.0,226.0,46.0,https://a.espncdn.com/i/headshots/nfldraft/players/full/51798.png,2017.0,Ohio State,WR,74.0,222.0,9.13,31.75,,4.6,19.0,,,4.33,7.07,,3538,3121409,Ohio State,33.0,16.5,32.0,1.0,411.0,205.5,402.0,9.0,14.0,4.666666666666667,7.0,0.0,21.6,10.8,12.6,9.0,46.0,23.0,37.0,9.0
9,2017,51673,KD Cannon,Wide Receiver,WR,Baylor,Bears,BAY,http://insider.espn.com/nfl/draft/player/_/id/51673,,,,,,,,,94b5b8ee0f7e51a0f0513a5d776ce67a,182.0,71.0,16.0,124.0,68.0,https://a.espncdn.com/i/headshots/nfldraft/players/full/51673.png,2017.0,Baylor,WR,71.13,182.0,8.88,30.75,,4.41,13.0,37.0,119.0,4.2,7.21,,3722,3128348,Baylor,195.0,65.0,87.0,50.0,3113.0,1037.6666666666667,1215.0,868.0,54.0,9.0,13.0,6.0,49.2,16.400000000000002,17.8,14.0,228.0,76.0,89.0,68.0
10,2017,51805,Jamari Staples,Wide Receiver,WR,Louisville,Cardinals,LOU,http://insider.espn.com/nfl/draft/player/_/id/51805,,,,,,,,,817d4a6e213272eaf3f9c84546448e0f,195.0,74.875,42.0,251.0,42.0,https://a.espncdn.com/i/headshots/nfldraft/players/full/51805.png,2017.0,Louisville,WR,75.0,195.0,9.5,33.5,,4.51,,36.0,130.0,4.14,,,3855,3895428,Louisville,0.0,,,,0.0,,,,3.0,3.0,3.0,3.0,0.0,,,,0.0,,,
11,2017,51672,Travis Rudolph,Wide Receiver,WR,Florida State,Seminoles,FSU,http://insider.espn.com/nfl/draft/player/_/id/51672,,,,,,,,,d62aab786c40c57bca438a5a45ee0f29,189.0,71.75,44.0,253.0,41.0,https://a.espncdn.com/i/headshots/nfldraft/players/full/51672.png,2017.0,Florida State,WR,72.25,189.0,9.25,31.88,,4.65,12.0,31.5,114.0,4.46,6.93,,3864,3122935,Florida State,153.0,51.0,59.0,38.0,2311.0,770.3333333333334,916.0,555.0,36.0,6.0,7.0,4.0,45.1,15.033333333333331,15.5,14.6,201.0,67.0,75.0,58.0
12,2017,101498,Artavis Scott,Wide Receiver,WR,Clemson,Tigers,CLEM,http://insider.espn.com/nfl/draft/player/_/id/101498,,,,,,,,,6fe0272ad541d1d4383962bdb20c416b,193.0,70.125,46.0,261.0,40.0,,2017.0,Clemson,WR,70.25,193.0,9.38,31.0,,4.61,13.0,31.0,116.0,4.49,7.19,,3924,3122839,Clemson,245.0,81.66666666666667,93.0,76.0,2480.0,826.6666666666666,965.0,614.0,38.0,6.333333333333333,8.0,5.0,30.5,10.166666666666666,12.7,8.1,149.0,49.66666666666666,70.0,28.0
13,2018,101759,D.J. Moore,Wide Receiver,WR,Maryland,Terrapins,MD,http://insider.espn.com/nfl/draft/player/_/id/101759,24.0,24.0,1.0,False,,Carolina Panthers,CAR,https://a.espncdn.com/i/teamlogos/nfl/500/scoreboard/car.png,f90765adda8a9a888beb568c2812636d,210.0,72.0,2.0,22.0,89.0,https://a.espncdn.com/i/headshots/nfldraft/players/full/101759.png,2018.0,Maryland,WR,72.0,210.0,9.63,31.63,,4.42,15.0,39.5,132.0,4.07,6.95,11.18,5105,3915416,Maryland,146.0,48.66666666666666,80.0,25.0,2027.0,675.6666666666666,1033.0,357.0,34.0,5.666666666666667,8.0,3.0,42.7,14.233333333333334,15.5,12.9,196.0,65.33333333333333,92.0,52.0
14,2018,101515,Calvin Ridley,Wide Receiver,WR,Alabama,Crimson Tide,ALA,http://insider.espn.com/nfl/draft/player/_/id/101515,26.0,26.0,1.0,False,,Atlanta Falcons,ATL,https://a.espncdn.com/i/teamlogos/nfl/500/scoreboard/atl.png,4bfb240134997fb72eeaa237345fed6a,189.0,73.0,1.0,20.0,90.0,https://a.espncdn.com/i/headshots/nfldraft/players/full/101515.png,2018.0,Alabama,WR,72.5,189.0,9.13,31.625,,4.43,15.0,31.0,110.0,4.41,6.88,,5322,3925357,Alabama,224.0,74.66666666666667,89.0,63.0,2781.0,927.0,1045.0,769.0,38.0,6.333333333333333,7.0,5.0,37.7,12.566666666666668,15.3,10.7,211.0,70.33333333333333,81.0,52.0
15,2018,101521,Courtland Sutton,Wide Receiver,WR,SMU,Mustangs,SMU,http://insider.espn.com/nfl/draft/player/_/id/101521,8.0,40.0,2.0,False,,Denver Broncos,DEN,https://a.espncdn.com/i/teamlogos/nfl/500/scoreboard/den.png,32a202cddda5e1c71c11569436ff5230,218.0,75.0,4.0,44.0,84.0,https://a.espncdn.com/i/headshots/nfldraft/players/full/101521.png,2018.0,Southern Methodist (TX),WR,75.38,218.0,9.75,32.375,,4.54,18.0,35.5,124.0,4.11,6.57,,5984,3128429,SMU,195.0,48.75,76.0,2.0,3220.0,805.0,1246.0,27.0,62.0,8.857142857142858,12.0,0.0,63.5,15.875,17.6,13.5,221.0,55.25,88.0,20.0
16,2018,101565,Dante Pettis,Wide Receiver,WR,Washington,Huskies,WASH,http://insider.espn.com/nfl/draft/player/_/id/101565,12.0,44.0,2.0,True,From WAS,San Francisco 49ers,SF,https://a.espncdn.com/i/teamlogos/nfl/500/scoreboard/sf.png,ddadc6532b91ded437ee59e53cbf8a04,186.0,73.0,8.0,71.0,77.0,https://a.espncdn.com/i/headshots/nfldraft/players/full/101565.png,2018.0,Washington,WR,72.5,186.0,9.5,32.25,,,,,,,,,6296,3127306,Washington,163.0,40.75,63.0,17.0,2256.0,564.0,822.0,259.0,48.0,6.0,15.0,1.0,56.6,14.15,15.5,12.1,215.0,53.75,73.0,33.0
17,2018,101517,Christian Kirk,Wide Receiver,WR,Texas A&M,Aggies,TA&M,http://insider.espn.com/nfl/draft/player/_/id/101517,15.0,47.0,2.0,False,,Arizona Cardinals,ARI,https://a.espncdn.com/i/teamlogos/nfl/500/scoreboard/ari.png,0c22d637c0d76bac7333dc3a992bdc0d,201.0,70.0,3.0,42.0,85.0,https://a.espncdn.com/i/headshots/nfldraft/players/full/101517.png,2018.0,Texas A&M,WR,70.38,201.0,9.88,30.38,,4.47,20.0,35.5,115.0,4.45,7.09,12.03,6518,3895856,Texas A&M,234.0,78.0,83.0,71.0,2856.0,952.0,1009.0,919.0,52.0,8.666666666666666,10.0,7.0,36.7,12.233333333333333,12.9,11.2,216.0,72.0,81.0,66.0
18,2018,101552,James Washington,Wide Receiver,WR,Oklahoma State,Cowboys,OKST,http://insider.espn.com/nfl/draft/player/_/id/101552,28.0,60.0,2.0,False,,Pittsburgh Steelers,PIT,https://a.espncdn.com/i/teamlogos/nfl/500/scoreboard/pit.png,8d27564bba4f0bd52cfaaac3dd8c9360,213.0,71.0,7.0,50.0,83.0,https://a.espncdn.com/i/headshots/nfldraft/players/full/101552.png,2018.0,Oklahoma State,WR,71.0,213.0,9.75,32.375,,4.54,14.0,34.5,120.0,4.32,7.11,,7016,3122449,Oklahoma State,226.0,56.5,74.0,28.0,4472.0,1118.0,1549.0,456.0,78.0,9.75,13.0,6.0,77.1,19.275,20.9,16.3,320.0,80.0,91.0,68.0
19,2018,101615,Michael Gallup,Wide Receiver,WR,Colorado State,Rams,CSU,http://insider.espn.com/nfl/draft/player/_/id/101615,17.0,81.0,3.0,False,,Dallas Cowboys,DAL,https://a.espncdn.com/i/teamlogos/nfl/500/scoreboard/dal.png,10bb458f9a8d73df5cfb704300a5591b,205.0,73.0,14.0,110.0,69.0,https://a.espncdn.com/i/headshots/nfldraft/players/full/101615.png,2018.0,Colorado State,WR,72.75,205.0,9.25,31.5,,4.51,10.0,36.0,122.0,4.37,6.95,11.84,7822,4036348,Colorado State,176.0,88.0,100.0,76.0,2685.0,1342.5,1413.0,1272.0,42.0,10.5,14.0,7.0,30.8,15.4,16.7,14.1,141.0,70.5,76.0,65.0
20,2018,101780,Keke Coutee,Wide Receiver,WR,Texas Tech,Red Raiders,TTU,http://insider.espn.com/nfl/draft/player/_/id/101780,3.0,103.0,4.0,False,,Houston Texans,HOU,https://a.espncdn.com/i/teamlogos/nfl/500/scoreboard/hou.png,4aabf6cd57c161adf2119177421a1183,181.0,70.0,17.0,129.0,67.0,https://a.espncdn.com/i/headshots/nfldraft/players/full/101780.png,2018.0,Texas Tech,WR,69.75,181.0,8.38,29.88,,4.43,14.0,34.5,113.0,4.15,6.93,,8334,3915823,Texas Tech,159.0,53.0,93.0,11.0,2424.0,808.0,1429.0,105.0,34.0,6.8,10.0,0.0,41.1,13.7,16.2,9.5,180.0,60.0,80.0,23.0
21,2018,101561,Antonio Callaway,Wide Receiver,WR,Florida,Gators,FLA,http://insider.espn.com/nfl/draft/player/_/id/101561,5.0,105.0,4.0,True,From NE thru CHI,Cleveland Browns,CLE,https://a.espncdn.com/i/teamlogos/nfl/500/scoreboard/cle.png,484dc6fe7183435e5566d6b039a7ac8c,200.0,71.0,15.0,119.0,68.0,https://a.espncdn.com/i/headshots/nfldraft/players/full/101561.png,2018.0,Florida,WR,70.63,200.0,9.5,31.5,,4.41,6.0,34.0,121.0,4.37,7.11,,8516,3915097,Florida,89.0,44.5,54.0,35.0,1399.0,699.5,721.0,678.0,14.0,3.5,4.0,3.0,32.8,16.4,19.4,13.4,144.0,72.0,78.0,66.0
22,2018,101636,Jaleel Scott,Wide Receiver,WR,New Mexico State,Aggies,NMSU,http://insider.espn.com/nfl/draft/player/_/id/101636,32.0,132.0,4.0,True,From PHI,Baltimore Ravens,BAL,https://a.espncdn.com/i/teamlogos/nfl/500/scoreboard/bal.png,9b102d96635bb5e610f674e833e01e22,218.0,77.0,28.0,231.0,46.0,https://a.espncdn.com/i/headshots/nfldraft/players/full/101636.png,2018.0,New Mexico State,WR,76.75,218.0,10.0,33.5,,4.56,16.0,34.5,124.0,4.4,7.2,,9698,4040792,New Mexico State,99.0,49.5,76.0,23.0,1362.0,681.0,1079.0,283.0,28.0,7.0,9.0,5.0,26.5,13.25,14.2,12.3,86.0,43.0,45.0,41.0
23,2018,101796,Daurice Fountain,Wide Receiver,WR,Northern Iowa,Panthers,UNI,http://insider.espn.com/nfl/draft/player/_/id/101796,22.0,159.0,5.0,True,"From OAK thru NE, CLE and KC",Indianapolis Colts,IND,https://a.espncdn.com/i/teamlogos/nfl/500/scoreboard/ind.png,8e92e17b6037573449988c6c00c5b05a,209.0,74.0,11.0,104.0,70.0,https://a.espncdn.com/i/headshots/nfldraft/players/full/101796.png,2018.0,Northern Iowa,WR,73.5,206.0,10.13,34.0,,4.55,13.0,41.0,131.0,4.33,7.13,,10324,3120659,Northern Iowa,0.0,,,,0.0,,,,23.0,5.75,12.0,1.0,0.0,,,,0.0,,,
24,2018,101839,Jordan Lasley,Wide Receiver,WR,UCLA,Bruins,UCLA,http://insider.espn.com/nfl/draft/player/_/id/101839,25.0,162.0,5.0,True,From TEN,Baltimore Ravens,BAL,https://a.espncdn.com/i/teamlogos/nfl/500/scoreboard/bal.png,b6bead04f8cc84fb181f4d24df1d4696,203.0,73.0,16.0,125.0,67.0,https://a.espncdn.com/i/headshots/nfldraft/players/full/101839.png,2018.0,UCLA,WR,73.0,203.0,9.63,32.75,,4.5,8.0,34.5,112.0,4.19,7.38,,10369,3134302,UCLA,113.0,37.66666666666666,69.0,3.0,1901.0,633.6666666666666,1264.0,17.0,28.0,5.6,9.0,0.0,39.1,13.033333333333331,18.3,5.7,141.0,47.0,75.0,7.0
25,2018,102341,Damion Ratley,Wide Receiver,WR,Texas A&M,Aggies,TA&M,http://insider.espn.com/nfl/draft/player/_/id/102341,1.0,175.0,6.0,False,,Cleveland Browns,CLE,https://a.espncdn.com/i/teamlogos/nfl/500/scoreboard/cle.png,2ad963792e08e3a1efe93ea3d68fae56,193.0,74.0,47.0,,30.0,,2018.0,Texas A&M,WR,73.75,196.0,9.5,31.0,,4.43,11.0,36.5,121.0,4.27,7.03,,10838,3895857,Texas A&M,47.0,15.666666666666666,30.0,2.0,920.0,306.6666666666667,694.0,26.0,16.0,3.2,6.0,0.0,49.400000000000006,16.46666666666667,23.1,13.0,138.0,46.0,76.0,20.0
26,2018,101579,Deon Cain,Wide Receiver,WR,Clemson,Tigers,CLEM,http://insider.espn.com/nfl/draft/player/_/id/101579,11.0,185.0,6.0,True,From OAK,Indianapolis Colts,IND,https://a.espncdn.com/i/teamlogos/nfl/500/scoreboard/ind.png,4a7a0e46a71bd1a559435d78cacc8d74,202.0,74.0,12.0,107.0,70.0,https://a.espncdn.com/i/headshots/nfldraft/players/full/101579.png,2018.0,Clemson,WR,73.88,202.0,8.75,33.0,,4.43,11.0,33.5,115.0,4.37,6.71,11.78,11023,3728254,Clemson,130.0,43.333333333333336,58.0,34.0,2040.0,680.0,734.0,582.0,40.0,6.666666666666667,9.0,5.0,48.900000000000006,16.3,19.1,12.7,193.0,64.33333333333333,67.0,61.0
27,2018,101808,Equanimeous St. Brown,Wide Receiver,WR,Notre Dame,Fighting Irish,ND,http://insider.espn.com/nfl/draft/player/_/id/101808,33.0,207.0,6.0,False,Compensatory,Green Bay Packers,GB,https://a.espncdn.com/i/teamlogos/nfl/500/scoreboard/gb.png,0d2d1a5b875e7033a85aca1d3a5347ee,214.0,77.0,19.0,139.0,64.0,https://a.espncdn.com/i/headshots/nfldraft/players/full/101808.png,2018.0,Notre Dame,WR,76.75,214.0,9.75,33.0,,4.48,20.0,33.0,,,,,11471,3932442,Notre Dame,92.0,30.666666666666668,58.0,1.0,1484.0,494.6666666666667,961.0,8.0,26.0,5.2,9.0,0.0,40.2,13.4,16.6,8.0,162.0,54.0,79.0,8.0
28,2018,101833,Cedrick Wilson,Wide Receiver,WR,Boise State,Broncos,BSU,http://insider.espn.com/nfl/draft/player/_/id/101833,34.0,208.0,6.0,False,Compensatory,Dallas Cowboys,DAL,https://a.espncdn.com/i/teamlogos/nfl/500/scoreboard/dal.png,6bd662c261bde8f72c4056d159b3fc4b,188.0,74.0,18.0,134.0,65.0,https://a.espncdn.com/i/headshots/nfldraft/players/full/101833.png,2018.0,Boise State,WR,74.25,197.0,9.75,31.5,,4.55,9.0,37.0,121.0,4.23,6.89,,11513,4036335,Boise State,139.0,69.5,83.0,56.0,2640.0,1320.0,1511.0,1129.0,36.0,9.0,11.0,7.0,38.4,19.2,20.2,18.2,140.0,70.0,75.0,65.0
29,2018,101761,Braxton Berrios,Wide Receiver,WR,Miami,Hurricanes,MIAMI,http://insider.espn.com/nfl/draft/player/_/id/101761,36.0,210.0,6.0,True,"From OAK, Compensatory",New England Patriots,NE,https://a.espncdn.com/i/teamlogos/nfl/500/scoreboard/ne.png,2778e28db38b583087289061256bf66c,184.0,69.0,26.0,220.0,49.0,https://a.espncdn.com/i/headshots/nfldraft/players/full/101761.png,2018.0,Miami (FL),WR,68.63,184.0,9.25,28.0,,4.48,11.0,34.5,107.0,4.22,6.83,,11666,3123075,Miami,100.0,25.0,55.0,12.0,1175.0,293.75,679.0,86.0,28.0,4.0,9.0,0.0,45.3,11.325,14.8,7.2,140.0,35.0,55.0,14.0
30,2018,101734,Javon Wims,Wide Receiver,WR,Georgia,Bulldogs,UGA,http://insider.espn.com/nfl/draft/player/_/id/101734,6.0,224.0,7.0,False,,Chicago Bears,CHI,https://a.espncdn.com/i/teamlogos/nfl/500/scoreboard/chi.png,3ae2eea9cd0999a1b1481c561a8211e3,215.0,75.0,32.0,258.0,42.0,https://a.espncdn.com/i/headshots/nfldraft/players/full/101734.png,2018.0,Georgia,WR,74.88,215.0,9.25,31.5,,4.53,,33.5,113.0,4.57,7.0,,11951,4035019,Georgia,62.0,31.0,45.0,17.0,910.0,455.0,720.0,190.0,16.0,4.0,7.0,1.0,27.2,13.6,16.0,11.2,89.0,44.5,51.0,38.0
31,2018,101762,Richie James,Wide Receiver,WR,Middle Tennessee,Blue Raiders,MTSU,http://insider.espn.com/nfl/draft/player/_/id/101762,22.0,240.0,7.0,True,From KC,San Francisco 49ers,SF,https://a.espncdn.com/i/teamlogos/nfl/500/scoreboard/sf.png,5c36eee3481501dc0fce261e05d742da,185.0,70.0,41.0,,30.0,,2018.0,Middle Tennessee State,WR,70.13,183.0,9.25,31.25,,4.48,6.0,35.5,122.0,4.16,6.87,11.44,12371,3122899,Middle Tennessee,244.0,81.33333333333333,108.0,31.0,3261.0,1087.0,1625.0,290.0,46.0,7.666666666666667,12.0,3.0,37.4,12.466666666666669,15.5,9.4,156.0,52.0,69.0,31.0
32,2018,101584,Allen Lazard,Wide Receiver,WR,Iowa State,Cyclones,ISU,http://insider.espn.com/nfl/draft/player/_/id/101584,,,,,,,,,efb9e1096a5237da142491a8b1dbdbea,225.0,77.0,13.0,109.0,69.0,https://a.espncdn.com/i/headshots/nfldraft/players/full/101584.png,2018.0,Iowa State,WR,76.63,227.0,9.75,32.25,,4.55,17.0,38.0,122.0,4.37,7.22,,12856,3128390,Iowa State,241.0,60.25,71.0,45.0,3360.0,840.0,1018.0,593.0,52.0,6.5,10.0,3.0,55.7,13.925,14.8,13.2,225.0,56.25,74.0,36.0
33,2018,101648,Deontay Burnett,Wide Receiver,WR,USC,Trojans,USC,http://insider.espn.com/nfl/draft/player/_/id/101648,,,,,,,,,342c62aaa396efef9b3577e61e47259a,186.0,71.625,24.0,205.0,52.0,https://a.espncdn.com/i/headshots/nfldraft/players/full/101648.png,2018.0,Southern California,WR,71.63,186.0,8.63,31.5,,,,,,,,,13696,3932935,USC,152.0,50.66666666666666,86.0,10.0,1897.0,632.3333333333334,1114.0,161.0,32.0,6.4,9.0,0.0,40.2,13.4,16.1,11.1,116.0,38.66666666666666,42.0,34.0
34,2018,101757,Byron Pringle,Wide Receiver,WR,Kansas State,Wildcats,KSU,http://insider.espn.com/nfl/draft/player/_/id/101757,,,,,,,,,49558fe4d459396aac3a6ae88e8c8e19,205.0,73.0,34.0,280.0,38.0,https://a.espncdn.com/i/headshots/nfldraft/players/full/101757.png,2018.0,Kansas State,WR,73.13,203.0,9.25,32.0,,4.46,15.0,33.5,120.0,4.4,6.87,,14619,4036416,Kansas State,69.0,34.5,39.0,30.0,1355.0,677.5,724.0,631.0,20.0,5.0,6.0,4.0,40.3,20.15,24.1,16.2,143.0,71.5,83.0,60.0
35,2018,101645,Quadree Henderson,Wide Receiver,WR,Pittsburgh,Panthers,PITT,http://insider.espn.com/nfl/draft/player/_/id/101645,,,,,,,,,5d23d998997db3f7422e0ad3cba27e92,190.0,68.0,39.0,327.0,32.0,https://a.espncdn.com/i/headshots/nfldraft/players/full/101645.png,2018.0,Pittsburgh,WR,68.0,192.0,9.88,29.5,,4.5,12.0,32.5,120.0,4.28,6.89,,15131,3895789,Pittsburgh,45.0,15.0,26.0,2.0,473.0,157.66666666666666,286.0,1.0,2.0,0.3333333333333333,1.0,0.0,22.4,7.466666666666666,11.0,0.5,112.0,37.333333333333336,74.0,1.0
36,2018,102066,Cam Phillips,Wide Receiver,WR,Virginia Tech,Hokies,VT,http://insider.espn.com/nfl/draft/player/_/id/102066,,,,,,,,,d0031adf55e1f9c10f2d2830ac79400c,201.0,72.125,40.0,331.0,31.0,,2018.0,Virginia Tech,WR,72.13,201.0,8.88,30.5,,4.83,11.0,28.0,110.0,4.49,7.3,,15274,3124079,Virginia Tech,236.0,59.0,76.0,40.0,3027.0,756.75,983.0,498.0,34.0,4.25,7.0,2.0,50.8,12.7,13.6,11.9,196.0,49.0,60.0,36.0
37,2019,103534,N'Keal Harry,Wide Receiver,WR,Arizona State,Sun Devils,ASU,http://insider.espn.com/nfl/draft/player/_/id/103534,32.0,32.0,1.0,False,,New England Patriots,NE,https://a.espncdn.com/i/teamlogos/nfl/500/scoreboard/ne.png,0b7cdd57414f4a2401a0a348487fb85f,228.0,74.0,2.0,33.0,87.0,https://a.espncdn.com/i/headshots/nfldraft/players/full/103534.png,2019.0,Arizona State,WR,74.88,228.0,9.5,33.0,,4.53,27.0,38.5,122.0,4.32,7.16,,16689,4047839,Arizona State,213.0,71.0,82.0,58.0,2889.0,963.0,1142.0,659.0,44.0,7.333333333333333,9.0,5.0,40.2,13.4,14.9,11.4,168.0,56.0,70.0,37.0
38,2019,103567,Deebo Samuel,Wide Receiver,WR,South Carolina,Gamecocks,SC,http://insider.espn.com/nfl/draft/player/_/id/103567,4.0,36.0,2.0,False,,San Francisco 49ers,SF,https://a.espncdn.com/i/teamlogos/nfl/500/scoreboard/sf.png,7f300cb7f0a1a43ad0b0f8a57bf04eb3,214.0,71.0,3.0,39.0,86.0,https://a.espncdn.com/i/headshots/nfldraft/players/full/103567.png,2019.0,South Carolina,WR,71.25,214.0,10.0,31.375,,4.48,15.0,39.0,122.0,4.14,7.03,,16875,3126486,South Carolina,148.0,37.0,62.0,12.0,2076.0,519.0,882.0,161.0,32.0,4.0,11.0,1.0,57.60000000000001,14.400000000000002,16.7,13.3,252.0,63.0,89.0,47.0
39,2019,103532,A.J. Brown,Wide Receiver,WR,Ole Miss,Rebels,MISS,http://insider.espn.com/nfl/draft/player/_/id/103532,19.0,51.0,2.0,False,,Tennessee Titans,TEN,https://a.espncdn.com/i/teamlogos/nfl/500/scoreboard/ten.png,53cf1afe22f9ea1f7d9ba992d25c8ac5,226.0,73.0,5.0,45.0,85.0,https://a.espncdn.com/i/headshots/nfldraft/players/full/103532.png,2019.0,Mississippi,WR,72.5,226.0,9.75,32.88,,4.49,19.0,36.5,120.0,4.29,7.11,,17414,4047646,Ole Miss,189.0,63.0,85.0,29.0,2984.0,994.6666666666666,1320.0,412.0,38.0,6.333333333333333,11.0,2.0,46.4,15.466666666666669,16.7,14.2,198.0,66.0,84.0,37.0
40,2019,103860,Mecole Hardman,Wide Receiver,WR,Georgia,Bulldogs,UGA,http://insider.espn.com/nfl/draft/player/_/id/103860,24.0,56.0,2.0,True,From LAR via NE and CHI,Kansas City Chiefs,KC,https://a.espncdn.com/i/teamlogos/nfl/500/scoreboard/kc.png,6189b3f7b774362dca5f9edf211e55f9,187.0,70.0,12.0,67.0,78.0,https://a.espncdn.com/i/headshots/nfldraft/players/full/103860.png,2019.0,Georgia,WR,70.25,187.0,9.0,30.25,,4.33,17.0,36.5,119.0,4.29,6.86,,17650,4035004,Georgia,59.0,29.5,34.0,25.0,950.0,475.0,532.0,418.0,22.0,5.5,7.0,4.0,32.3,16.15,16.7,15.6,139.0,69.5,80.0,59.0
41,2019,103553,Parris Campbell,Wide Receiver,WR,Ohio State,Buckeyes,OSU,http://insider.espn.com/nfl/draft/player/_/id/103553,27.0,59.0,2.0,False,,Indianapolis Colts,IND,https://a.espncdn.com/i/teamlogos/nfl/500/scoreboard/ind.png,dc987983758f55d518251e944cb9c549,205.0,72.0,7.0,49.0,84.0,https://a.espncdn.com/i/headshots/nfldraft/players/full/103553.png,2019.0,Ohio State,WR,71.88,205.0,9.5,32.25,,4.31,11.0,40.0,135.0,4.03,,,17825,3121410,Ohio State,143.0,47.66666666666666,90.0,13.0,1768.0,589.3333333333334,1063.0,121.0,30.0,5.0,12.0,0.0,35.7,11.9,14.6,9.3,168.0,56.0,78.0,16.0
42,2019,103915,Diontae Johnson,Wide Receiver,WR,Toledo,Rockets,TOL,http://insider.espn.com/nfl/draft/player/_/id/103915,2.0,66.0,3.0,True,From OAK,Pittsburgh Steelers,PIT,https://a.espncdn.com/i/teamlogos/nfl/500/scoreboard/pit.png,0840444a2bd05deb66f091e20a1c88b2,183.0,71.0,19.0,137.0,66.0,https://a.espncdn.com/i/headshots/nfldraft/players/full/103915.png,2019.0,Toledo,WR,70.5,183.0,9.0,30.75,,4.53,15.0,33.5,123.0,4.45,7.09,,18279,3932905,Toledo,137.0,45.66666666666666,74.0,14.0,2276.0,758.6666666666666,1278.0,237.0,47.0,7.833333333333333,13.0,2.0,49.7,16.566666666666666,17.3,15.5,205.0,68.33333333333333,89.0,36.0
43,2019,103800,Terry McLaurin,Wide Receiver,WR,Ohio State,Buckeyes,OSU,http://insider.espn.com/nfl/draft/player/_/id/103800,12.0,76.0,3.0,False,,Washington,WSH,https://a.espncdn.com/i/teamlogos/nfl/500/scoreboard/wsh.png,04454e1792946271f951c0339528e97e,208.0,72.0,8.0,57.0,81.0,https://a.espncdn.com/i/headshots/nfldraft/players/full/103800.png,2019.0,Ohio State,WR,72.13,208.0,9.13,31.5,,4.35,18.0,37.5,125.0,4.15,7.01,,18897,3121422,Ohio State,75.0,25.0,35.0,11.0,1251.0,417.0,701.0,114.0,38.0,6.333333333333333,11.0,2.0,45.4,15.133333333333333,20.0,10.4,178.0,59.333333333333336,84.0,19.0
44,2019,103864,Miles Boykin,Wide Receiver,WR,Notre Dame,Fighting Irish,ND,http://insider.espn.com/nfl/draft/player/_/id/103864,29.0,93.0,3.0,True,From MIN via NYJ and NO,Baltimore Ravens,BAL,https://a.espncdn.com/i/teamlogos/nfl/500/scoreboard/bal.png,62d3dd7a5335fead779a6c73e9e62102,220.0,76.0,9.0,61.0,80.0,,2019.0,Notre Dame,WR,75.75,220.0,9.88,33.5,,4.42,12.0,43.5,140.0,4.07,6.77,,19536,3932423,Notre Dame,77.0,25.666666666666668,59.0,6.0,1206.0,402.0,872.0,81.0,22.0,3.6666666666666665,8.0,1.0,49.400000000000006,16.46666666666667,21.1,13.5,120.0,40.0,55.0,25.0
45,2019,103546,Hakeem Butler,Wide Receiver,WR,Iowa State,Cyclones,ISU,http://insider.espn.com/nfl/draft/player/_/id/103546,1.0,103.0,4.0,False,,Arizona Cardinals,ARI,https://a.espncdn.com/i/teamlogos/nfl/500/scoreboard/ari.png,47fb5d05d4fd39f48dbd49702d337363,227.0,77.0,11.0,66.0,78.0,https://a.espncdn.com/i/headshots/nfldraft/players/full/103546.png,2019.0,Iowa State,WR,77.63,227.0,10.75,35.25,,4.48,18.0,36.0,128.0,4.2,7.2,,19852,3917940,Iowa State,110.0,36.66666666666666,60.0,9.0,2149.0,716.3333333333334,1318.0,134.0,36.0,6.0,9.0,2.0,53.9,17.966666666666665,22.0,14.9,196.0,65.33333333333333,83.0,39.0
46,2019,103858,Riley Ridley,Wide Receiver,WR,Georgia,Bulldogs,UGA,http://insider.espn.com/nfl/draft/player/_/id/103858,24.0,126.0,4.0,False,,Chicago Bears,CHI,https://a.espncdn.com/i/teamlogos/nfl/500/scoreboard/chi.png,956ab254a577ba8eba46b428ceb499ea,199.0,73.0,10.0,65.0,78.0,https://a.espncdn.com/i/headshots/nfldraft/players/full/103858.png,2019.0,Georgia,WR,73.25,194.0,10.25,32.625,,4.58,13.0,30.5,124.0,4.28,7.22,,20867,4035015,Georgia,70.0,23.33333333333333,44.0,12.0,1026.0,342.0,570.0,218.0,26.0,4.333333333333333,9.0,2.0,48.4,16.133333333333333,19.8,13.0,139.0,46.333333333333336,57.0,35.0
47,2019,103624,Hunter Renfrow,Wide Receiver,WR,Clemson,Tigers,CLEM,http://insider.espn.com/nfl/draft/player/_/id/103624,11.0,149.0,5.0,True,From DAL via CIN,Oakland Raiders,OAK,https://a.espncdn.com/i/teamlogos/nfl/500/scoreboard/oak.png,589ccf52907554646ea22c5adc2748b7,184.0,70.0,40.0,306.0,39.0,https://a.espncdn.com/i/headshots/nfldraft/players/full/103624.png,2019.0,Clemson,WR,70.5,180.0,7.88,29.0,,4.59,7.0,35.0,116.0,4.19,6.8,,21914,3135321,Clemson,186.0,46.5,60.0,33.0,2133.0,533.25,602.0,492.0,30.0,3.75,6.0,1.0,47.3,11.825,14.9,10.0,193.0,48.25,61.0,35.0
48,2019,103862,Darius Slayton,Wide Receiver,WR,Auburn,Tigers,AUB,http://insider.espn.com/nfl/draft/player/_/id/103862,33.0,171.0,5.0,False,Compensatory Selection,New York Giants,NYG,https://a.espncdn.com/i/teamlogos/nfl/500/scoreboard/nyg.png,277a394ea2c5984cee8c9dfd2f651f20,190.0,73.0,16.0,112.0,70.0,,2019.0,Auburn,WR,73.0,190.0,10.0,32.75,,4.39,11.0,40.5,135.0,4.15,7.0,,23120,3916945,Auburn,79.0,26.33333333333333,35.0,15.0,1605.0,535.0,670.0,292.0,22.0,3.6666666666666665,5.0,1.0,60.8,20.26666666666667,22.2,19.1,192.0,64.0,74.0,56.0
49,2019,103903,Travis Fulgham,Wide Receiver,WR,Old Dominion,Monarchs,ODU,http://insider.espn.com/nfl/draft/player/_/id/103903,11.0,184.0,6.0,False,,Detroit Lions,DET,https://a.espncdn.com/i/teamlogos/nfl/500/scoreboard/det.png,dfe103fffb0b1b55c2a203b3a6124b13,215.0,75.0,13.0,89.0,73.0,https://a.espncdn.com/i/headshots/nfldraft/players/full/103903.png,2019.0,Old Dominion (VA),WR,74.38,215.0,9.5,33.75,,4.58,15.0,36.5,126.0,4.26,6.95,,23732,3139522,Old Dominion,128.0,32.0,63.0,6.0,2044.0,511.0,1083.0,89.0,36.0,5.142857142857143,9.0,0.0,61.6,15.4,17.2,13.1,212.0,53.0,71.0,24.0
50,2019,104046,Juwann Winfree,Wide Receiver,WR,Colorado,Buffaloes,COLO,http://insider.espn.com/nfl/draft/player/_/id/104046,14.0,187.0,6.0,True,From CAR,Denver Broncos,DEN,https://a.espncdn.com/i/teamlogos/nfl/500/scoreboard/den.png,a566269f9652430c1a3d62a3cf61e55c,215.0,75.0,,,,,2019.0,Colorado,WR,73.13,210.0,9.75,31.5,,4.57,15.0,31.5,122.0,4.29,7.08,,23954,3128317,Colorado,60.0,20.0,28.0,11.0,807.0,269.0,325.0,158.0,12.0,2.0,2.0,2.0,41.5,13.833333333333334,15.5,11.6,143.0,47.66666666666666,79.0,31.0
51,2019,104050,Marcus Green,Wide Receiver,WR,UL Monroe,Warhawks,ULM,http://insider.espn.com/nfl/draft/player/_/id/104050,30.0,203.0,6.0,True,From LAR,Atlanta Falcons,ATL,https://a.espncdn.com/i/teamlogos/nfl/500/scoreboard/atl.png,92ccc9d4734fcf3c8d540a15b81b343c,190.0,68.0,,,,,2019.0,Louisiana-Monroe,WR,67.88,190.0,9.0,30.75,,4.45,13.0,35.5,121.0,4.45,6.99,,24604,3124964,UL Monroe,203.0,50.75,63.0,36.0,2726.0,681.5,855.0,344.0,48.0,6.0,8.0,4.0,53.2,13.3,17.1,9.6,274.0,68.5,80.0,49.0
52,2019,103580,Kelvin Harmon,Wide Receiver,WR,NC State,Wolfpack,NCST,http://insider.espn.com/nfl/draft/player/_/id/103580,33.0,206.0,6.0,False,Compensatory Selection,Washington,WSH,https://a.espncdn.com/i/teamlogos/nfl/500/scoreboard/wsh.png,68075b2beb54a8613fc27e57e39214e2,221.0,75.0,14.0,100.0,72.0,https://a.espncdn.com/i/headshots/nfldraft/players/full/103580.png,2019.0,North Carolina State,WR,74.13,221.0,9.5,32.5,,4.6,18.0,32.5,117.0,4.32,7.15,,24876,4036163,NC State,177.0,59.0,81.0,27.0,2665.0,888.3333333333334,1186.0,462.0,32.0,5.333333333333333,7.0,4.0,46.4,15.466666666666669,17.1,14.6,190.0,63.333333333333336,74.0,48.0
53,2019,104052,Scott Miller,Wide Receiver,WR,Bowling Green,Falcons,BGSU,http://insider.espn.com/nfl/draft/player/_/id/104052,35.0,208.0,6.0,True,Compensatory Selection (From PHI),Tampa Bay Buccaneers,TB,https://a.espncdn.com/i/teamlogos/nfl/500/scoreboard/tb.png,62000ee0d988a871c3a6386819d1c25b,174.0,69.0,,,,,2019.0,Bowling Green (OH),WR,69.13,174.0,8.75,29.25,,4.4,14.0,32.5,120.0,4.06,7.08,,25008,3914397,Bowling Green,215.0,53.75,74.0,7.0,2867.0,716.75,1148.0,29.0,46.0,6.571428571428571,10.0,0.0,44.9,11.225,16.2,4.1,230.0,57.5,76.0,13.0
54,2019,103882,John Ursua,Wide Receiver,WR,Hawai'i,Rainbow Warriors,HAW,http://insider.espn.com/nfl/draft/player/_/id/103882,22.0,236.0,7.0,True,From JAX via BAL,Seattle Seahawks,SEA,https://a.espncdn.com/i/teamlogos/nfl/500/scoreboard/sea.png,4f3c840392e54e21f54cf19c6a9e671b,178.0,69.0,45.0,335.0,35.0,https://a.espncdn.com/i/headshots/nfldraft/players/full/103882.png,2019.0,Hawaii,WR,69.13,178.0,9.25,29.875,,4.6,16.0,35.5,117.0,4.2,6.88,,26396,3933064,Hawai'i,189.0,63.0,89.0,47.0,2662.0,887.3333333333334,1343.0,652.0,48.0,8.0,16.0,3.0,41.6,13.866666666666667,15.1,12.3,209.0,69.66666666666667,85.0,44.0
55,2019,103594,Terry Godwin,Wide Receiver,WR,Georgia,Bulldogs,UGA,http://insider.espn.com/nfl/draft/player/_/id/103594,23.0,237.0,7.0,True,From DEN via HOU,Carolina Panthers,CAR,https://a.espncdn.com/i/teamlogos/nfl/500/scoreboard/car.png,31b46bffe0a3e71571b09d6294da1a79,184.0,71.0,35.0,274.0,44.0,https://a.espncdn.com/i/headshots/nfldraft/players/full/103594.png,2019.0,Georgia,WR,71.5,184.0,9.38,30.0,,4.55,,36.5,117.0,4.22,6.96,,26466,3915174,Georgia,133.0,33.25,38.0,22.0,1788.0,447.0,639.0,373.0,22.0,2.75,6.0,0.0,55.0,13.75,17.0,10.4,207.0,51.75,75.0,35.0
56,2019,103887,Dillon Mitchell,Wide Receiver,WR,Oregon,Ducks,ORE,http://insider.espn.com/nfl/draft/player/_/id/103887,25.0,239.0,7.0,True,From NE via PHI,Minnesota Vikings,MIN,https://a.espncdn.com/i/teamlogos/nfl/500/scoreboard/min.png,88161ba289b52bf0392338af89f18be1,197.0,73.0,25.0,188.0,58.0,https://a.espncdn.com/i/headshots/nfldraft/players/full/103887.png,2019.0,Oregon,WR,73.25,197.0,9.0,31.5,,4.46,12.0,36.5,122.0,4.29,7.04,,26597,4038938,Oregon,119.0,39.66666666666666,75.0,2.0,1710.0,570.0,1184.0,9.0,28.0,5.6,10.0,0.0,32.6,10.866666666666667,15.8,4.5,140.0,46.66666666666666,67.0,6.0
57,2019,103599,Emanuel Hall,Wide Receiver,WR,Missouri,Tigers,MIZ,http://insider.espn.com/nfl/draft/player/_/id/103599,,,,,,,,,48e54163ce2ef1a4a7dc27eb034a81fc,201.0,73.875,17.0,117.0,69.0,https://a.espncdn.com/i/headshots/nfldraft/players/full/103599.png,2019.0,Missouri,WR,73.88,201.0,9.75,33.25,,4.39,15.0,43.5,141.0,,,,26958,3924318,Missouri,97.0,24.25,37.0,8.0,2016.0,504.0,828.0,64.0,32.0,4.571428571428571,8.0,0.0,71.4,17.85,24.8,8.0,193.0,48.25,67.0,14.0
58,2019,103757,Penny Hart,Wide Receiver,WR,Georgia State,Panthers,GAST,http://insider.espn.com/nfl/draft/player/_/id/103757,,,,,,,,,1c42f03fe33d1c371e6f580fcd591ec8,180.0,68.0,20.0,142.0,65.0,https://a.espncdn.com/i/headshots/nfldraft/players/full/103757.png,2019.0,Georgia State,WR,68.0,180.0,9.13,31.0,,4.67,17.0,32.0,108.0,4.79,7.75,,27208,3917546,Georgia State,202.0,50.5,74.0,8.0,2950.0,737.5,1121.0,61.0,38.0,4.75,8.0,1.0,51.900000000000006,12.975,15.5,7.6,208.0,52.0,70.0,24.0
59,2019,103893,Preston Williams,Wide Receiver,WR,Colorado State,Rams,CSU,http://insider.espn.com/nfl/draft/player/_/id/103893,,,,,,,,,7515d163f436c009999f6aa91315d1ff,211.0,76.25,21.0,146.0,64.0,,2019.0,Colorado State,WR,76.25,211.0,9.13,33.0,,4.65,,30.0,113.0,4.39,7.22,,27352,3915399,Colorado State,112.0,37.333333333333336,96.0,7.0,1592.0,530.6666666666666,1345.0,89.0,32.0,6.4,14.0,0.0,46.5,15.5,22.6,9.9,137.0,45.66666666666666,69.0,19.0
60,2019,103562,Anthony Johnson,Wide Receiver,WR,Buffalo,Bulls,BUFF,http://insider.espn.com/nfl/draft/player/_/id/103562,,,,,,,,,6ed412584303757086e67a9b1f266575,209.0,73.875,22.0,152.0,63.0,https://a.espncdn.com/i/headshots/nfldraft/players/full/103562.png,2019.0,Buffalo,WR,73.88,209.0,9.38,31.38,,4.59,18.0,32.5,122.0,,7.12,,27426,4049301,Buffalo,133.0,66.5,76.0,57.0,2367.0,1183.5,1356.0,1011.0,50.0,12.5,14.0,11.0,35.5,17.75,17.8,17.7,144.0,72.0,75.0,69.0
61,2019,103562,Anthony Johnson,Wide Receiver,WR,Buffalo,Bulls,BUFF,http://insider.espn.com/nfl/draft/player/_/id/103562,,,,,,,,,6ed412584303757086e67a9b1f266575,209.0,73.875,22.0,152.0,63.0,https://a.espncdn.com/i/headshots/nfldraft/players/full/103562.png,2015.0,West Texas A&M,WR,73.75,194.0,10.38,33.0,,4.56,20.0,24.5,102.0,4.83,7.93,,27426,4049301,Buffalo,133.0,66.5,76.0,57.0,2367.0,1183.5,1356.0,1011.0,50.0,12.5,14.0,11.0,35.5,17.75,17.8,17.7,144.0,72.0,75.0,69.0
62,2019,103880,Antoine Wesley,Wide Receiver,WR,Texas Tech,Red Raiders,TTU,http://insider.espn.com/nfl/draft/player/_/id/103880,,,,,,,,,07afe1ae2aeb2fbd550ba893167c9d73,206.0,76.125,26.0,205.0,55.0,,2019.0,Texas Tech,WR,76.13,206.0,9.75,34.0,,4.72,6.0,37.0,117.0,4.26,7.07,,27951,4043161,Texas Tech,98.0,49.0,88.0,10.0,1547.0,773.5,1410.0,137.0,18.0,6.0,9.0,0.0,29.7,14.85,16.0,13.7,101.0,50.5,66.0,35.0
63,2019,103741,Jaylen Smith,Wide Receiver,WR,Louisville,Cardinals,LOU,http://insider.espn.com/nfl/draft/player/_/id/103741,,,,,,,,,6fd0b27592ccf9c24b910a3a4feb398c,219.0,74.25,27.0,216.0,53.0,,2019.0,Louisville,WR,74.25,213.0,9.25,32.75,,4.47,14.0,34.5,122.0,4.48,7.55,,28142,3916418,Louisville,152.0,38.0,60.0,27.0,2505.0,626.25,980.0,376.0,30.0,3.75,7.0,1.0,66.8,16.7,22.2,13.0,246.0,61.5,75.0,42.0
64,2019,103896,Jazz Ferguson,Wide Receiver,WR,Northwestern State,Demons,NWST,http://insider.espn.com/nfl/draft/player/_/id/103896,,,,,,,,,b453d693d775ab3ec30c06b9808f3511,227.0,76.625,29.0,231.0,51.0,https://a.espncdn.com/i/headshots/nfldraft/players/full/103896.png,2019.0,Northwestern State (LA),WR,76.75,227.0,9.25,34.25,,4.45,8.0,37.0,123.0,4.59,7.25,,28656,3843603,Northwestern State,68.0,34.0,66.0,2.0,1134.0,567.0,1117.0,17.0,26.0,8.666666666666666,13.0,0.0,25.4,12.7,16.9,8.5,81.0,40.5,71.0,10.0
65,2019,103581,Nyqwan Murray,Wide Receiver,WR,Florida State,Seminoles,FSU,http://insider.espn.com/nfl/draft/player/_/id/103581,,,,,,,,,5e9716b17436e0fbb9647ade72b715c2,191.0,70.25,30.0,237.0,50.0,https://a.espncdn.com/i/headshots/nfldraft/players/full/103581.png,2019.0,Florida State,WR,70.25,193.0,9.0,30.625,,4.63,8.0,34.0,113.0,4.4,7.2,,28702,3921571,Florida State,127.0,31.75,54.0,6.0,1854.0,463.5,744.0,65.0,24.0,3.4285714285714284,5.0,0.0,56.0,14.0,16.3,10.8,233.0,58.25,92.0,32.0
66,2019,103737,Jakobi Meyers,Wide Receiver,WR,NC State,Wolfpack,NCST,http://insider.espn.com/nfl/draft/player/_/id/103737,,,,,,,,,66d091a1ea808b91007f89d341dcbd40,203.0,73.625,31.0,251.0,48.0,https://a.espncdn.com/i/headshots/nfldraft/players/full/103737.png,2019.0,North Carolina State,WR,73.63,203.0,9.5,32.0,,4.63,13.0,37.0,118.0,4.23,7.07,,28985,3916433,NC State,168.0,56.0,92.0,13.0,1932.0,644.0,1047.0,158.0,18.0,3.6,5.0,0.0,35.1,11.7,12.2,11.4,142.0,47.333333333333336,71.0,32.0
67,2019,103865,Greg Dortch,Wide Receiver,WR,Wake Forest,Demon Deacons,WAKE,http://insider.espn.com/nfl/draft/player/_/id/103865,,,,,,,,,1245eb4c7f4bf200fbec973d7f557f6d,173.0,67.125,32.0,257.0,47.0,https://a.espncdn.com/i/headshots/nfldraft/players/full/103865.png,2019.0,Wake Forest,WR,67.13,173.0,9.25,29.25,,4.63,,31.5,106.0,4.12,7.0,,29202,4037235,Wake Forest,142.0,71.0,89.0,53.0,1800.0,900.0,1078.0,722.0,34.0,8.5,9.0,8.0,25.7,12.85,13.6,12.1,106.0,53.0,54.0,52.0
68,2019,103762,Alex Wesley,Wide Receiver,WR,Northern Colorado,Bears,UNCO,http://insider.espn.com/nfl/draft/player/_/id/103762,,,,,,,,,f8236193c81b2935a5e0b432bd48076d,190.0,71.875,34.0,269.0,45.0,,2019.0,Northern Colorado,WR,71.88,190.0,9.0,31.25,,4.45,13.0,38.5,125.0,4.44,7.4,,29488,3121110,Northern Colorado,57.0,57.0,57.0,57.0,1049.0,1049.0,1049.0,1049.0,21.0,4.2,6.0,2.0,18.4,18.4,18.4,18.4,62.0,62.0,62.0,62.0
69,2019,103693,Tyre Brady,Wide Receiver,WR,Marshall,Thundering Herd,MRSH,http://insider.espn.com/nfl/draft/player/_/id/103693,,,,,,,,,94d71444744f636231db5bbc2785b1d8,211.0,74.875,37.0,281.0,42.0,https://a.espncdn.com/i/headshots/nfldraft/players/full/103693.png,2019.0,Marshall (WV),WR,74.88,211.0,9.75,33.63,,4.8,12.0,32.0,117.0,4.25,7.35,,29895,3123074,Marshall,142.0,47.333333333333336,71.0,9.0,2056.0,685.3333333333334,1002.0,112.0,36.0,6.0,9.0,1.0,41.7,13.9,15.2,12.4,160.0,53.333333333333336,76.0,34.0
70,2019,103859,Lil'Jordan Humphrey,Wide Receiver,WR,Texas,Longhorns,TEX,http://insider.espn.com/nfl/draft/player/_/id/103859,,,,,,,,,a427fd3458c6bda08a039d58a5b0e704,210.0,75.625,38.0,287.0,41.0,https://a.espncdn.com/i/headshots/nfldraft/players/full/103859.png,2019.0,Texas,WR,75.63,210.0,9.5,32.75,,4.75,13.0,33.5,119.0,4.29,7.09,,30138,4039057,Texas,125.0,41.66666666666666,86.0,2.0,1622.0,540.6666666666666,1176.0,15.0,20.0,4.0,9.0,0.0,32.8,10.933333333333332,13.7,7.5,97.0,32.333333333333336,47.0,8.0
71,2019,103773,Keelan Doss,Wide Receiver,WR,UC Davis,Aggies,UCD,http://insider.espn.com/nfl/draft/player/_/id/103773,,,,,,,,,91ad94086cfffa533cbdb157fd98beeb,211.0,74.125,39.0,294.0,40.0,https://a.espncdn.com/i/headshots/nfldraft/players/full/103773.png,2019.0,UC-Davis,WR,74.75,211.0,9.5,31.75,,4.6,8.0,34.5,121.0,,,,30264,3120980,UC Davis,118.0,118.0,118.0,118.0,1345.0,1345.0,1345.0,1345.0,37.0,7.4,10.0,2.0,11.4,11.4,11.4,11.4,43.0,43.0,43.0,43.0
72,2019,103877,Johnnie Dixon,Wide Receiver,WR,Ohio State,Buckeyes,OSU,http://insider.espn.com/nfl/draft/player/_/id/103877,,,,,,,,,4fc1689b9c7a01c96a5b0606dee8e570,201.0,70.375,41.0,313.0,38.0,https://a.espncdn.com/i/headshots/nfldraft/players/full/103877.png,2019.0,Ohio State,WR,70.38,201.0,9.63,30.25,,4.41,16.0,37.5,120.0,4.43,7.49,,30982,3121413,Ohio State,67.0,16.75,42.0,1.0,1146.0,286.5,669.0,26.0,32.0,4.571428571428571,8.0,0.0,72.6,18.15,29.0,4.3,172.0,43.0,70.0,10.0
73,2019,103916,Damarkus Lodge,Wide Receiver,WR,Ole Miss,Rebels,MISS,http://insider.espn.com/nfl/draft/player/_/id/103916,,,,,,,,,eeaef6b15ee247458d94cd7224d629c0,202.0,73.875,42.0,314.0,38.0,https://a.espncdn.com/i/headshots/nfldraft/players/full/103916.png,2019.0,Mississippi,WR,73.88,202.0,9.5,33.125,,4.55,11.0,33.5,119.0,4.53,7.06,,31075,3930064,Ole Miss,122.0,30.5,65.0,1.0,1790.0,447.5,877.0,12.0,28.0,3.5,7.0,1.0,56.0,14.0,17.0,12.0,190.0,47.5,72.0,12.0
74,2019,102266,Cody Thompson,Wide Receiver,WR,Toledo,Rockets,TOL,http://insider.espn.com/nfl/draft/player/_/id/102266,,,,,,,,,f4e290fffd80061b70f7011e8f1af54e,205.0,73.5,44.0,327.0,36.0,https://a.espncdn.com/i/headshots/nfldraft/players/full/102266.png,2019.0,Toledo,WR,73.5,205.0,9.38,31.0,,4.57,19.0,38.5,119.0,4.03,6.87,,31564,3126115,Toledo,181.0,36.2,64.0,4.0,3312.0,662.4,1269.0,34.0,60.0,6.666666666666667,11.0,0.0,83.3,16.66,22.3,8.5,300.0,60.0,88.0,15.0
75,2019,103780,Ryan Davis,Wide Receiver,WR,Auburn,Tigers,AUB,http://insider.espn.com/nfl/draft/player/_/id/103780,,,,,,,,,8375278c767140097338ddd294a76398,189.0,69.875,46.0,339.0,34.0,https://a.espncdn.com/i/headshots/nfldraft/players/full/103780.png,2019.0,Auburn,WR,69.88,189.0,9.25,30.88,,4.67,12.0,35.0,124.0,4.23,7.09,,31832,3916946,Auburn,178.0,59.333333333333336,84.0,25.0,1555.0,518.3333333333334,815.0,194.0,14.0,2.333333333333333,5.0,1.0,25.4,8.466666666666667,9.7,7.8,145.0,48.333333333333336,75.0,23.0
76,2019,103872,Anthony Ratliff-Williams,Wide Receiver,WR,North Carolina,Tar Heels,UNC,http://insider.espn.com/nfl/draft/player/_/id/103872,,,,,,,,,93a4d19b6b7a8d4c865b73f61334501c,195.0,71.625,48.0,350.0,33.0,https://a.espncdn.com/i/headshots/nfldraft/players/full/103872.png,2019.0,North Carolina,WR,72.25,205.0,9.5,30.75,,4.61,13.0,33.5,123.0,4.42,7.01,,32318,3895828,North Carolina,80.0,26.666666666666668,42.0,3.0,1340.0,446.6666666666667,689.0,21.0,16.0,3.2,6.0,0.0,41.4,13.8,18.0,7.0,116.0,38.66666666666666,51.0,14.0
77,2019,103919,Jeff Smith,Wide Receiver,WR,Boston College,Eagles,BC,http://insider.espn.com/nfl/draft/player/_/id/103919,,,,,,,,,451bc700291d3c3ef07745e045619bf6,191.0,72.0,49.0,360.0,32.0,,2019.0,Boston College,WR,72.0,191.0,9.0,31.5,,4.4,14.0,35.0,124.0,4.1,6.98,,32737,3929118,Boston College,72.0,24.0,27.0,20.0,1078.0,359.3333333333333,395.0,296.0,18.0,2.571428571428572,6.0,0.0,45.8,15.266666666666666,19.4,11.8,162.0,54.0,71.0,33.0
78,2019,103897,Jovon Durante,Wide Receiver,WR,Florida Atlantic,Owls,FAU,http://insider.espn.com/nfl/draft/player/_/id/103897,,,,,,,,,5ffe86aa4c52837979e963edd000efdf,160.0,71.125,51.0,372.0,31.0,https://a.espncdn.com/i/headshots/nfldraft/players/full/103897.png,2019.0,Florida Atlantic,WR,71.13,160.0,8.75,31.13,,4.55,,31.5,120.0,4.31,7.0,,33132,3916069,Florida Atlantic,124.0,41.333333333333336,65.0,24.0,1582.0,527.3333333333334,873.0,331.0,24.0,4.0,5.0,2.0,38.7,12.9,15.8,9.5,163.0,54.333333333333336,57.0,51.0
79,2019,103706,Jamal Custis,Wide Receiver,WR,Syracuse,Orange,SYR,http://insider.espn.com/nfl/draft/player/_/id/103706,,,,,,,,,f5d55c185cce042aa379b9fe044e1d40,214.0,76.125,52.0,373.0,31.0,https://a.espncdn.com/i/headshots/nfldraft/players/full/103706.png,2019.0,Syracuse,WR,76.13,214.0,10.88,33.88,,4.5,,34.5,124.0,4.5,7.34,,33230,3124013,Syracuse,64.0,16.0,51.0,1.0,1048.0,262.0,906.0,7.0,16.0,2.2857142857142856,6.0,0.0,43.6,10.9,17.8,3.8,128.0,32.0,68.0,6.0
80,2020,104094,Jerry Jeudy,Wide Receiver,WR,Alabama,Crimson Tide,ALA,http://insider.espn.com/nfl/draft/player/_/id/104094,15.0,15.0,1.0,False,,Denver Broncos,DEN,https://a.espncdn.com/i/teamlogos/nfl/500/scoreboard/den.png,a6f545316f5b5d5d202628a308e5cb59,193.0,73.0,1.0,6.0,94.0,https://a.espncdn.com/i/headshots/nfldraft/players/full/104094.png,2020.0,Alabama,WR,73.0,193.0,9.5,32.13,,4.45,,35.0,120.0,4.53,,,33937,4241463,Alabama,159.0,53.0,77.0,14.0,2742.0,914.0,1315.0,264.0,52.0,8.666666666666666,14.0,2.0,53.3,17.76666666666667,19.3,15.1,202.0,67.33333333333333,85.0,36.0
81,2020,104117,Jalen Reagor,Wide Receiver,WR,TCU,Horned Frogs,TCU,http://insider.espn.com/nfl/draft/player/_/id/104117,21.0,21.0,1.0,False,,Philadelphia Eagles,PHI,https://a.espncdn.com/i/teamlogos/nfl/500/scoreboard/phi.png,6a8e7dd69b15f367a8e8ffb8114e4413,206.0,71.0,9.0,53.0,82.0,https://a.espncdn.com/i/headshots/nfldraft/players/full/104117.png,2020.0,Texas Christian,WR,70.63,206.0,9.5,31.38,,4.47,17.0,42.0,138.0,4.46,7.31,,34222,4241802,TCU,148.0,49.333333333333336,72.0,33.0,2248.0,749.3333333333334,1061.0,576.0,44.0,7.333333333333333,9.0,5.0,46.400000000000006,15.466666666666669,17.5,14.2,215.0,71.66666666666667,93.0,55.0
82,2020,104360,Justin Jefferson,Wide Receiver,WR,LSU,Tigers,LSU,http://insider.espn.com/nfl/draft/player/_/id/104360,22.0,22.0,1.0,True,From BUF,Minnesota Vikings,MIN,https://a.espncdn.com/i/teamlogos/nfl/500/scoreboard/min.png,c7fb199625307f989f2f572debf989f4,202.0,73.0,4.0,14.0,91.0,https://a.espncdn.com/i/headshots/nfldraft/players/full/104360.png,2020.0,Louisiana State,WR,73.25,202.0,9.13,33.0,,4.43,,37.5,126.0,,,,34315,4262921,LSU,165.0,82.5,111.0,54.0,2415.0,1207.5,1540.0,875.0,48.0,12.0,18.0,6.0,30.1,15.05,16.2,13.9,136.0,68.0,71.0,65.0
83,2020,104224,Brandon Aiyuk,Wide Receiver,WR,Arizona State,Sun Devils,ASU,http://insider.espn.com/nfl/draft/player/_/id/104224,25.0,25.0,1.0,True,From MIN,San Francisco 49ers,SF,https://a.espncdn.com/i/teamlogos/nfl/500/scoreboard/sf.png,adf569005f5b78ef7309892ec10e85d3,205.0,72.0,5.0,23.0,90.0,https://a.espncdn.com/i/headshots/nfldraft/players/full/104224.png,2020.0,Arizona State,WR,71.63,205.0,9.75,33.5,,4.5,11.0,40.0,128.0,,,,34407,4360438,Arizona State,98.0,49.0,65.0,33.0,1666.0,833.0,1192.0,474.0,22.0,5.5,8.0,3.0,32.7,16.35,18.3,14.4,144.0,72.0,86.0,58.0
84,2020,104116,Tee Higgins,Wide Receiver,WR,Clemson,Tigers,CLEM,http://insider.espn.com/nfl/draft/player/_/id/104116,1.0,33.0,2.0,False,,Cincinnati Bengals,CIN,https://a.espncdn.com/i/teamlogos/nfl/500/scoreboard/cin.png,f6207352946aa75aaff528f316536d4d,216.0,76.0,6.0,30.0,88.0,https://a.espncdn.com/i/headshots/nfldraft/players/full/104116.png,2020.0,Clemson,WR,75.63,216.0,9.25,34.13,,4.63,,29.5,7.0,4.57,,,34832,4239993,Clemson,135.0,45.0,59.0,17.0,2448.0,816.0,1167.0,345.0,54.0,9.0,13.0,2.0,56.0,18.666666666666668,20.3,15.9,207.0,69.0,78.0,64.0
85,2020,104180,Chase Claypool,Wide Receiver,WR,Notre Dame,Fighting Irish,ND,http://insider.espn.com/nfl/draft/player/_/id/104180,17.0,49.0,2.0,False,,Pittsburgh Steelers,PIT,https://a.espncdn.com/i/teamlogos/nfl/500/scoreboard/pit.png,8ac5b4b96954f5a7375c702b1c4ea936,238.0,76.0,11.0,62.0,78.0,https://a.espncdn.com/i/headshots/nfldraft/players/full/104180.png,2020.0,Notre Dame,WR,76.25,238.0,9.88,32.5,,4.42,19.0,40.5,126.0,,,,35670,4046692,Notre Dame,150.0,37.5,66.0,5.0,2159.0,539.75,1037.0,81.0,38.0,5.428571428571429,13.0,0.0,58.60000000000001,14.650000000000002,16.2,12.8,159.0,39.75,47.0,33.0
86,2020,104228,Denzel Mims,Wide Receiver,WR,Baylor,Bears,BAY,http://insider.espn.com/nfl/draft/player/_/id/104228,27.0,59.0,2.0,True,From SEA,New York Jets,NYJ,https://a.espncdn.com/i/teamlogos/nfl/500/scoreboard/nyj.png,e0c3b34525ac3d99c047471096d7a18d,207.0,75.0,8.0,46.0,85.0,https://a.espncdn.com/i/headshots/nfldraft/players/full/104228.png,2020.0,Baylor,WR,74.88,207.0,9.38,33.88,,4.38,16.0,38.5,131.0,4.43,6.66,,36415,4035403,Baylor,186.0,46.5,66.0,4.0,2925.0,731.25,1087.0,24.0,56.0,8.0,12.0,0.0,53.7,13.425,17.8,6.0,182.0,45.5,71.0,10.0
87,2020,20394,Bryan Edwards,Wide Receiver,WR,South Carolina,Gamecocks,SC,http://insider.espn.com/nfl/draft/player/_/id/20394,17.0,81.0,3.0,True,From CHI,Las Vegas Raiders,LV,https://a.espncdn.com/i/teamlogos/nfl/500/scoreboard/lv.png,702a3afd595292bf1d2523db283408a6,212.0,75.0,16.0,100.0,69.0,https://a.espncdn.com/i/headshots/nfldraft/players/full/20394.png,2020.0,South Carolina,WR,74.75,212.0,9.5,32.25,,,,,,,,,37386,4038818,South Carolina,234.0,58.5,71.0,44.0,3045.0,761.25,846.0,590.0,44.0,5.5,7.0,4.0,52.7,13.175,15.4,11.5,233.0,58.25,75.0,41.0
88,2020,104227,Devin Duvernay,Wide Receiver,WR,Texas,Longhorns,TEX,http://insider.espn.com/nfl/draft/player/_/id/104227,28.0,92.0,3.0,False,,Baltimore Ravens,BAL,https://a.espncdn.com/i/teamlogos/nfl/500/scoreboard/bal.png,440b5040a2336a406e444a088d5dcb9b,200.0,71.0,13.0,81.0,74.0,https://a.espncdn.com/i/headshots/nfldraft/players/full/104227.png,2020.0,Texas,WR,70.5,200.0,9.5,30.63,,4.39,,35.5,123.0,4.2,7.13,,37921,4039050,Texas,176.0,44.0,106.0,9.0,2468.0,617.0,1386.0,124.0,32.0,4.571428571428571,9.0,0.0,60.8,15.2,20.6,13.1,245.0,61.25,80.0,42.0
89,2020,104457,Gabriel Davis,Wide Receiver,WR,UCF,Knights,UCF,http://insider.espn.com/nfl/draft/player/_/id/104457,22.0,128.0,4.0,False,,Buffalo Bills,BUF,https://a.espncdn.com/i/teamlogos/nfl/500/scoreboard/buf.png,6c5c1b3d32c084fda48895fbed7c1a73,216.0,74.0,27.0,156.0,57.0,https://a.espncdn.com/i/headshots/nfldraft/players/full/104457.png,2020.0,Central Florida,WR,74.0,216.0,9.25,32.25,,4.54,14.0,35.0,124.0,4.59,7.08,,39594,4243537,UCF,152.0,50.66666666666666,72.0,27.0,2447.0,815.6666666666666,1241.0,391.0,46.0,7.666666666666667,12.0,4.0,47.1,15.699999999999998,17.2,14.5,228.0,76.0,80.0,73.0
90,2020,104394,Antonio Gandy-Golden,Wide Receiver,WR,Liberty,Flames,LIB,http://insider.espn.com/nfl/draft/player/_/id/104394,36.0,142.0,4.0,False,(Compensatory Selection),Washington,WSH,https://a.espncdn.com/i/teamlogos/nfl/500/scoreboard/wsh.png,9b974b594e0a5a57f9a585e3081024d2,223.0,76.0,14.0,83.0,73.0,https://a.espncdn.com/i/headshots/nfldraft/players/full/104394.png,2020.0,Liberty (VA),WR,76.0,223.0,9.63,31.75,,4.6,22.0,36.0,127.0,4.55,7.33,,40257,4029893,Liberty,150.0,75.0,79.0,71.0,2433.0,1216.5,1396.0,1037.0,53.0,8.833333333333334,10.0,3.0,32.3,16.15,17.7,14.6,123.0,61.5,73.0,50.0
91,2020,104137,Collin Johnson,Wide Receiver,WR,Texas,Longhorns,TEX,http://insider.espn.com/nfl/draft/player/_/id/104137,20.0,165.0,5.0,True,From LAR,Jacksonville Jaguars,JAX,https://a.espncdn.com/i/teamlogos/nfl/500/scoreboard/jax.png,e066f9844f2397f7ef1e8dd52da38b4d,222.0,78.0,17.0,107.0,68.0,https://a.espncdn.com/i/headshots/nfldraft/players/full/104137.png,2020.0,Texas,WR,77.63,222.0,9.0,31.75,,,17.0,,,,,,41164,4039043,Texas,188.0,47.0,68.0,28.0,2624.0,656.0,985.0,315.0,30.0,3.75,7.0,2.0,54.7,13.675,14.7,11.3,170.0,42.5,48.0,37.0
92,2020,104652,John Hightower,Wide Receiver,WR,Boise State,Broncos,BSU,http://insider.espn.com/nfl/draft/player/_/id/104652,23.0,168.0,5.0,True,From NE,Philadelphia Eagles,PHI,https://a.espncdn.com/i/teamlogos/nfl/500/scoreboard/phi.png,b8c42ab2778367494798b3e73c4fb53c,189.0,74.0,36.0,231.0,41.0,https://a.espncdn.com/i/headshots/nfldraft/players/full/104652.png,2020.0,Boise State,WR,73.5,189.0,9.75,31.5,,4.43,,38.5,122.0,4.21,7.07,,41367,4373673,Boise State,82.0,41.0,51.0,31.0,1447.0,723.5,943.0,504.0,28.0,7.0,8.0,6.0,34.8,17.4,18.5,16.3,143.0,71.5,76.0,67.0
93,2020,104647,Isaiah Coulter,Wide Receiver,WR,Rhode Island,Rams,URI,http://insider.espn.com/nfl/draft/player/_/id/104647,26.0,171.0,5.0,False,,Houston Texans,HOU,https://a.espncdn.com/i/teamlogos/nfl/500/scoreboard/hou.png,2a49427046fa9f2727b45741d18d828c,198.0,74.0,30.0,178.0,53.0,https://a.espncdn.com/i/headshots/nfldraft/players/full/104647.png,2020.0,Rhode Island,WR,73.88,198.0,9.0,31.75,,4.45,,36.0,121.0,4.62,7.28,,41496,4248504,Rhode Island,114.0,57.0,72.0,42.0,1643.0,821.5,1039.0,604.0,23.0,4.6,8.0,1.0,28.8,14.4,14.4,14.4,108.0,54.0,61.0,47.0
94,2020,104683,Darnell Mooney,Wide Receiver,WR,Tulane,Green Wave,TULN,http://insider.espn.com/nfl/draft/player/_/id/104683,28.0,173.0,5.0,True,"From BAL through LAR, MIA, and PHI",Chicago Bears,CHI,https://a.espncdn.com/i/teamlogos/nfl/500/scoreboard/chi.png,6890b78776493a5fa8c64d050014d456,176.0,70.0,,,,https://a.espncdn.com/i/headshots/nfldraft/players/full/104683.png,2020.0,Tulane (LA),WR,70.0,176.0,9.63,30.88,,4.38,9.0,37.0,124.0,,,,41686,4040655,Tulane,154.0,38.5,48.0,24.0,2572.0,643.0,993.0,267.0,38.0,4.75,8.0,2.0,64.30000000000001,16.075000000000003,20.7,11.1,211.0,52.75,86.0,25.0
95,2020,104140,Donovan Peoples-Jones,Wide Receiver,WR,Michigan,Wolverines,MICH,http://insider.espn.com/nfl/draft/player/_/id/104140,8.0,187.0,6.0,True,From ARI,Cleveland Browns,CLE,https://a.espncdn.com/i/teamlogos/nfl/500/scoreboard/cle.png,b9f18d272360a39a7000ecb5c85d6f47,212.0,74.0,21.0,126.0,64.0,https://a.espncdn.com/i/headshots/nfldraft/players/full/104140.png,2020.0,Michigan,WR,73.63,212.0,10.13,33.5,,4.48,,44.5,139.0,,,,42201,4258195,Michigan,103.0,34.333333333333336,47.0,22.0,1327.0,442.3333333333333,612.0,277.0,28.0,4.666666666666667,8.0,0.0,38.5,12.833333333333334,13.0,12.6,168.0,56.0,79.0,41.0
96,2020,104449,Quez Watkins,Wide Receiver,WR,Southern Mississippi,Golden Eagles,USM,http://insider.espn.com/nfl/draft/player/_/id/104449,21.0,200.0,6.0,True,From PHI through CHI,Philadelphia Eagles,PHI,https://a.espncdn.com/i/teamlogos/nfl/500/scoreboard/phi.png,0ce27b93e2778a5252f9317d1305bdae,185.0,72.0,23.0,136.0,61.0,https://a.espncdn.com/i/headshots/nfldraft/players/full/104449.png,2020.0,Southern Mississippi,WR,72.13,185.0,9.0,32.88,,4.35,,36.5,125.0,4.36,7.28,,42924,4050373,Southern Mississippi,159.0,53.0,72.0,23.0,2404.0,801.3333333333334,1178.0,337.0,34.0,5.666666666666667,9.0,2.0,45.4,15.133333333333333,18.4,12.3,182.0,60.66666666666666,77.0,48.0
97,2020,104495,James Proche,Wide Receiver,WR,SMU,Mustangs,SMU,http://insider.espn.com/nfl/draft/player/_/id/104495,22.0,201.0,6.0,True,From BUF through MIN,Baltimore Ravens,BAL,https://a.espncdn.com/i/teamlogos/nfl/500/scoreboard/bal.png,f2b918dc9a83066d1650c72adeb88226,201.0,71.0,28.0,164.0,55.0,https://a.espncdn.com/i/headshots/nfldraft/players/full/104495.png,2020.0,Southern Methodist (TX),WR,70.63,201.0,9.63,29.75,,,20.0,34.5,,4.4,7.27,,43030,3916204,SMU,301.0,75.25,111.0,40.0,3949.0,987.25,1225.0,709.0,78.0,9.75,15.0,6.0,56.7,14.175,20.4,11.0,259.0,64.75,86.0,52.0
98,2020,104439,Isaiah Hodgins,Wide Receiver,WR,Oregon State,Beavers,ORST,http://insider.espn.com/nfl/draft/player/_/id/104439,28.0,207.0,6.0,True,From BAL through NE,Buffalo Bills,BUF,https://a.espncdn.com/i/teamlogos/nfl/500/scoreboard/buf.png,23a2d44d20f71bfd5210ee7dc2f1bd82,210.0,76.0,32.0,187.0,51.0,https://a.espncdn.com/i/headshots/nfldraft/players/full/104439.png,2020.0,Oregon State,WR,75.63,210.0,9.88,33.13,,4.61,9.0,36.5,124.0,4.12,7.01,,43428,4242540,Oregon State,176.0,58.66666666666666,86.0,31.0,2322.0,774.0,1171.0,275.0,40.0,6.666666666666667,13.0,2.0,37.3,12.433333333333335,14.8,8.9,114.0,38.0,51.0,21.0
99,2020,104239,Dezmon Patmon,Wide Receiver,WR,Washington State,Cougars,WSU,http://insider.espn.com/nfl/draft/player/_/id/104239,33.0,212.0,6.0,True,(Compensatory Selection From NE),Indianapolis Colts,IND,https://a.espncdn.com/i/teamlogos/nfl/500/scoreboard/ind.png,55bc42d5ef21c2103494038fa5982e03,225.0,76.0,33.0,200.0,48.0,https://a.espncdn.com/i/headshots/nfldraft/players/full/104239.png,2020.0,Washington State,WR,76.0,228.0,10.25,32.75,,4.48,15.0,36.0,132.0,4.38,7.28,,43596,4054085,Washington State,156.0,39.0,61.0,2.0,1976.0,494.0,816.0,19.0,26.0,4.333333333333333,8.0,0.0,46.8,11.7,13.4,9.5,162.0,40.5,65.0,19.0
100,2020,104693,Freddie Swain,Wide Receiver,WR,Florida,Gators,FLA,http://insider.espn.com/nfl/draft/player/_/id/104693,36.0,214.0,6.0,False,(Compensatory Selection),Seattle Seahawks,SEA,https://a.espncdn.com/i/teamlogos/nfl/500/scoreboard/sea.png,9e9615d5e681efd3ec061d3cae59403b,197.0,72.0,,,,https://a.espncdn.com/i/headshots/nfldraft/players/full/104693.png,2020.0,Florida,WR,72.0,199.0,9.0,30.63,,4.46,16.0,36.5,124.0,4.26,7.05,,43697,4034950,Florida,68.0,17.0,38.0,8.0,996.0,249.0,517.0,96.0,30.0,3.75,7.0,1.0,59.3,14.825,18.9,12.0,188.0,47.0,65.0,26.0
101,2020,104248,Jauan Jennings,Wide Receiver,WR,Tennessee,Volunteers,TENN,http://insider.espn.com/nfl/draft/player/_/id/104248,3.0,217.0,7.0,True,From DET,San Francisco 49ers,SF,https://a.espncdn.com/i/teamlogos/nfl/500/scoreboard/sf.png,3abf6eac14c31c871bbf346234d9af21,215.0,75.0,42.0,278.0,34.0,https://a.espncdn.com/i/headshots/nfldraft/players/full/104248.png,2020.0,Tennessee,WR,75.13,215.0,9.0,31.63,,4.72,,29.0,119.0,,,,43893,3886598,Tennessee,146.0,29.2,59.0,3.0,2153.0,430.6,969.0,17.0,36.0,4.0,8.0,0.0,61.8,12.36,16.4,5.7,198.0,39.6,67.0,7.0
102,2020,104166,K.J. Hill,Wide Receiver,WR,Ohio State,Buckeyes,OSU,http://insider.espn.com/nfl/draft/player/_/id/104166,6.0,220.0,7.0,False,,Los Angeles Chargers,LAC,https://a.espncdn.com/i/teamlogos/nfl/500/scoreboard/lac.png,52a42d8acb64e2ed74ce5ab7ad97786b,196.0,72.0,15.0,98.0,70.0,https://a.espncdn.com/i/headshots/nfldraft/players/full/104166.png,2020.0,Ohio State,WR,71.88,196.0,9.25,29.13,,4.6,17.0,32.5,114.0,,,,44116,3915522,Ohio State,201.0,50.25,70.0,18.0,2332.0,583.0,885.0,262.0,40.0,5.0,10.0,1.0,48.2,12.05,14.6,9.8,171.0,42.75,53.0,29.0
103,2020,104176,Kalija Lipscomb,Wide Receiver,WR,Vanderbilt,Commodores,VAN,http://insider.espn.com/nfl/draft/player/_/id/104176,,,,,,,,,20e2070d53899b37df2fb9f6ac9d7f15,207.0,71.875,20.0,124.0,65.0,https://a.espncdn.com/i/headshots/nfldraft/players/full/104176.png,2020.0,Vanderbilt,WR,71.88,207.0,9.38,32.88,,4.57,16.0,32.0,127.0,,,,45765,4035277,Vanderbilt,198.0,49.5,87.0,27.0,2356.0,589.0,916.0,319.0,44.0,5.5,9.0,2.0,49.7,12.425,16.5,10.5,209.0,52.25,68.0,45.0
104,2020,104478,Austin Mack,Wide Receiver,WR,Ohio State,Buckeyes,OSU,http://insider.espn.com/nfl/draft/player/_/id/104478,,,,,,,,,2f75656ae2e9ea9ce08dfdfabc3997b6,208.0,73.5,22.0,132.0,62.0,https://a.espncdn.com/i/headshots/nfldraft/players/full/104478.png,2020.0,Ohio State,WR,73.5,208.0,10.0,33.63,,4.59,,31.5,117.0,4.42,,,45967,4040623,Ohio State,79.0,19.75,27.0,2.0,1050.0,262.5,361.0,15.0,12.0,1.7142857142857142,3.0,0.0,47.9,11.975,14.3,7.5,130.0,32.5,48.0,8.0
105,2020,104202,Quartney Davis,Wide Receiver,WR,Texas A&M,Aggies,TA&M,http://insider.espn.com/nfl/draft/player/_/id/104202,,,,,,,,,814f64b950050102e39ec211fefafe8f,201.0,73.25,25.0,149.0,59.0,https://a.espncdn.com/i/headshots/nfldraft/players/full/104202.png,2020.0,Texas A&M,WR,73.25,201.0,9.5,31.38,,4.54,,35.5,,,,,46106,4035221,Texas A&M,99.0,49.5,54.0,45.0,1201.0,600.5,616.0,585.0,22.0,5.5,7.0,4.0,24.4,12.2,13.0,11.4,66.0,33.0,37.0,29.0
106,2020,104489,Binjimen Victor,Wide Receiver,WR,Ohio State,Buckeyes,OSU,http://insider.espn.com/nfl/draft/player/_/id/104489,,,,,,,,,806efd5e238c2e40b74b265ebf98b6f1,198.0,75.75,26.0,153.0,58.0,https://a.espncdn.com/i/headshots/nfldraft/players/full/104489.png,2020.0,Ohio State,WR,75.75,198.0,9.63,34.13,,4.6,9.0,35.0,128.0,,7.1,,46180,4040628,Ohio State,82.0,20.5,34.0,4.0,1312.0,328.0,545.0,64.0,36.0,4.5,7.0,1.0,64.1,16.025,16.9,15.2,180.0,45.0,60.0,25.0
107,2020,104242,Juwan Johnson,Wide Receiver,WR,Oregon,Ducks,ORE,http://insider.espn.com/nfl/draft/player/_/id/104242,,,,,,,,,18c1eb5cdfda3e1cee182946bbbf6015,230.0,76.0,31.0,183.0,52.0,https://a.espncdn.com/i/headshots/nfldraft/players/full/104242.png,2020.0,Oregon,WR,76.0,230.0,10.5,34.25,,4.58,14.0,33.0,124.0,4.37,6.94,,46483,3929645,Oregon,111.0,27.75,54.0,2.0,1590.0,397.5,701.0,70.0,12.0,1.7142857142857142,4.0,0.0,77.7,19.425,35.0,13.0,198.0,49.5,59.0,43.0
108,2020,104509,Marquez Callaway,Wide Receiver,WR,Tennessee,Volunteers,TENN,http://insider.espn.com/nfl/draft/player/_/id/104509,,,,,,,,,c06eb72f8a76065df79721d3040410fe,205.0,73.25,34.0,209.0,47.0,https://a.espncdn.com/i/headshots/nfldraft/players/full/104509.png,2020.0,Tennessee,WR,73.25,205.0,9.38,32.38,,4.55,,38.0,126.0,,,,47170,4035170,Tennessee,92.0,23.0,37.0,1.0,1646.0,411.5,635.0,13.0,26.0,3.25,6.0,0.0,67.1,16.775,21.2,13.0,187.0,46.75,73.0,13.0
109,2020,104455,Trishton Jackson,Wide Receiver,WR,Syracuse,Orange,SYR,http://insider.espn.com/nfl/draft/player/_/id/104455,,,,,,,,,bb53f5f03316fbe3511dfc9d2d2d298b,197.0,72.75,35.0,224.0,42.0,https://a.espncdn.com/i/headshots/nfldraft/players/full/104455.png,2020.0,Syracuse,WR,72.75,197.0,9.75,32.38,,4.5,,36.0,117.0,,,,47786,4046715,Syracuse,86.0,21.5,66.0,3.0,1282.0,320.5,1023.0,27.0,26.0,3.7142857142857135,11.0,0.0,54.2,13.55,17.8,9.0,171.0,42.75,85.0,14.0
110,2020,104499,Aaron Fuller,Wide Receiver,WR,Washington,Huskies,WASH,http://insider.espn.com/nfl/draft/player/_/id/104499,,,,,,,,,0778892fad225a206e7f4ed827325c55,188.0,70.75,37.0,242.0,40.0,https://a.espncdn.com/i/headshots/nfldraft/players/full/104499.png,2020.0,Washington,WR,70.75,188.0,8.88,29.75,,4.59,,34.0,118.0,,7.14,,48352,4039000,Washington,159.0,39.75,59.0,16.0,2051.0,512.75,874.0,184.0,26.0,3.25,6.0,1.0,49.7,12.425,15.1,11.2,152.0,38.0,46.0,23.0
111,2020,104533,Kendrick Rogers,Wide Receiver,WR,Texas A&M,Aggies,TA&M,http://insider.espn.com/nfl/draft/player/_/id/104533,,,,,,,,,407e93cd5a190a9563ad634803f9e0af,208.0,76.25,40.0,261.0,37.0,https://a.espncdn.com/i/headshots/nfldraft/players/full/104533.png,2020.0,Texas A&M,WR,76.0,204.0,9.13,33.13,,4.51,17.0,35.5,124.0,4.48,7.13,,48736,4035255,Texas A&M,68.0,22.666666666666668,30.0,11.0,786.0,262.0,351.0,99.0,14.0,2.8,5.0,0.0,33.099999999999994,11.033333333333331,12.4,9.0,70.0,23.33333333333333,30.0,17.0
112,2020,104535,Cody White,Wide Receiver,WR,Michigan State,Spartans,MSU,http://insider.espn.com/nfl/draft/player/_/id/104535,,,,,,,,,6e72ad6e648178a9786ea925808f651d,217.0,75.375,41.0,270.0,36.0,https://a.espncdn.com/i/headshots/nfldraft/players/full/104535.png,2020.0,Michigan State,WR,75.0,215.0,10.0,32.5,,4.66,,35.5,120.0,4.52,7.19,,49164,4241983,Michigan State,143.0,47.66666666666666,66.0,35.0,1967.0,655.6666666666666,922.0,490.0,24.0,4.0,6.0,2.0,41.2,13.733333333333334,14.0,13.2,149.0,49.66666666666666,60.0,40.0
113,2020,104458,Jeff Thomas,Wide Receiver,WR,Miami,Hurricanes,MIA,http://insider.espn.com/nfl/draft/player/_/id/104458,,,,,,,,,5be000f11b698c35993c910cf0bcf06a,170.0,68.875,45.0,306.0,31.0,https://a.espncdn.com/i/headshots/nfldraft/players/full/104458.png,2020.0,Miami (FL),WR,68.88,170.0,8.38,30.38,,4.45,,36.5,125.0,,,,50892,4240626,Miami,83.0,27.666666666666668,35.0,17.0,1316.0,438.6666666666667,563.0,374.0,16.0,2.6666666666666665,3.0,2.0,50.3,16.766666666666666,22.0,12.2,184.0,61.333333333333336,78.0,39.0
114,2021,104744,Jaylen Waddle,Wide Receiver,WR,Alabama,Crimson Tide,ALA,http://insider.espn.com/nfl/draft/player/_/id/104744,6.0,6.0,1.0,True,From PHI,Miami Dolphins,MIA,https://a.espncdn.com/i/teamlogos/nfl/500/scoreboard/mia.png,db4bf6c9e27d8382372f120b3da89bd6,180.0,70.0,3.0,7.0,93.0,https://a.espncdn.com/i/headshots/nfldraft/players/full/104744.png,2021.0,Alabama,WR,69.5,180.0,9.125,30.375,,,,,119.0,,,,51344,4372016,Alabama,106.0,35.333333333333336,45.0,28.0,1999.0,666.3333333333334,848.0,560.0,30.0,6.0,7.0,4.0,56.9,18.966666666666665,21.1,17.0,242.0,80.66666666666667,94.0,58.0
115,2021,104741,DeVonta Smith,Wide Receiver,WR,Alabama,Crimson Tide,ALA,http://insider.espn.com/nfl/draft/player/_/id/104741,10.0,10.0,1.0,True,From DAL,Philadelphia Eagles,PHI,https://a.espncdn.com/i/teamlogos/nfl/500/scoreboard/phi.png,79fe15c55f05f939c4f5c55466521a50,170.0,72.0,2.0,6.0,93.0,https://a.espncdn.com/i/headshots/nfldraft/players/full/104741.png,2021.0,Alabama,WR,72.25,170.0,9.25,31.875,,,,,128.0,,,,51256,4241478,Alabama,235.0,58.75,117.0,8.0,3965.0,991.25,1856.0,160.0,69.0,9.857142857142858,23.0,3.0,70.9,17.725,20.0,15.9,249.0,62.25,85.0,41.0
116,2021,105142,Kadarius Toney,Wide Receiver,WR,Florida,Gators,FLA,http://insider.espn.com/nfl/draft/player/_/id/105142,20.0,20.0,1.0,True,From CHI,New York Giants,NYG,https://a.espncdn.com/i/teamlogos/nfl/500/scoreboard/nyg.png,ff38f86e7e8bdbbf0b6b1f6ddb8c7970,193.0,72.0,6.0,32.0,88.0,https://a.espncdn.com/i/headshots/nfldraft/players/full/105142.png,2021.0,Florida,WR,71.63,193.0,9.25,31.25,,4.42,8.0,38.0,133.0,4.27,6.99,,51889,4240600,Florida,120.0,30.0,70.0,10.0,1590.0,397.5,984.0,152.0,14.0,2.0,10.0,0.0,54.0,13.5,19.4,10.1,191.0,47.75,66.0,23.0
117,2021,104740,Rashod Bateman,Wide Receiver,WR,Minnesota,Golden Gophers,MINN,http://insider.espn.com/nfl/draft/player/_/id/104740,27.0,27.0,1.0,False,,Baltimore Ravens,BAL,https://a.espncdn.com/i/teamlogos/nfl/500/scoreboard/bal.png,10e66c22b13620d0805b11758a932fb9,190.0,72.0,5.0,29.0,89.0,https://a.espncdn.com/i/headshots/nfldraft/players/full/104740.png,2021.0,Minnesota,WR,72.38,190.0,9.5,33.0,,4.47,,34.5,120.0,4.39,7.06,,52689,4360939,Minnesota,147.0,49.0,60.0,36.0,2395.0,798.3333333333334,1219.0,472.0,36.0,7.2,11.0,2.0,47.2,15.733333333333334,20.3,13.1,191.0,63.66666666666666,86.0,39.0
118,2021,105139,Elijah Moore,Wide Receiver,WR,Ole Miss,Rebels,MISS,http://insider.espn.com/nfl/draft/player/_/id/105139,2.0,34.0,2.0,False,,New York Jets,NYJ,https://a.espncdn.com/i/teamlogos/nfl/500/scoreboard/nyj.png,ea525c1c1434ab25e127c60aa23a6f56,178.0,70.0,4.0,23.0,90.0,https://a.espncdn.com/i/headshots/nfldraft/players/full/105139.png,2021.0,Mississippi,WR,69.5,178.0,9.375,30.125,,4.39,16.0,34.5,118.0,4.04,6.78,,52475,4372414,Ole Miss,189.0,63.0,86.0,36.0,2441.0,813.6666666666666,1193.0,398.0,24.0,4.8,8.0,2.0,37.7,12.566666666666665,13.9,11.1,196.0,65.33333333333333,91.0,50.0
119,2021,104779,Rondale Moore,Wide Receiver,WR,Purdue,Boilermakers,PUR,http://insider.espn.com/nfl/draft/player/_/id/104779,17.0,49.0,2.0,False,,Arizona Cardinals,ARI,https://a.espncdn.com/i/teamlogos/nfl/500/scoreboard/ari.png,a542aac8e1f37490f0bddf914d56c0ca,181.0,67.0,9.0,54.0,81.0,https://a.espncdn.com/i/headshots/nfldraft/players/full/104779.png,2021.0,Purdue,WR,67.0,181.0,8.75,28.25,,4.36,,41.0,123.0,4.14,6.79,,53386,4372485,Purdue,178.0,59.333333333333336,114.0,29.0,1915.0,638.3333333333334,1258.0,270.0,28.0,5.6,12.0,0.0,32.0,10.666666666666666,13.3,7.7,173.0,57.66666666666666,70.0,33.0
120,2021,104822,Tutu Atwell,Wide Receiver,WR,Louisville,Cardinals,LOU,http://insider.espn.com/nfl/draft/player/_/id/104822,25.0,57.0,2.0,False,,Los Angeles Rams,LAR,https://a.espncdn.com/i/teamlogos/nfl/500/scoreboard/lar.png,936e4308a299318897cf45976666a82d,155.0,69.0,7.0,44.0,85.0,https://a.espncdn.com/i/headshots/nfldraft/players/full/104822.png,2021.0,Louisville,WR,68.88,155.0,8.875,29.25,,4.43,,31.5,114.0,4.13,6.98,,52785,4360797,Louisville,140.0,46.66666666666666,70.0,24.0,2307.0,769.0,1276.0,406.0,35.0,7.0,12.0,2.0,48.7,16.23333333333333,18.2,13.6,209.0,69.66666666666667,90.0,53.0
121,2021,104837,Josh Palmer,Wide Receiver,WR,Tennessee,Volunteers,TENN,http://insider.espn.com/nfl/draft/player/_/id/104837,14.0,77.0,3.0,False,,Los Angeles Chargers,LAC,https://a.espncdn.com/i/teamlogos/nfl/500/scoreboard/lac.png,9cca64013c430d5fa97ecbb699771196,210.0,73.0,31.0,183.0,55.0,https://a.espncdn.com/i/headshots/nfldraft/players/full/104837.png,2021.0,Tennessee,WR,73.25,210.0,9.625,33.0,,4.56,,32.5,121.0,4.28,7.09,,58864,4242433,Tennessee,99.0,24.75,34.0,9.0,1514.0,378.5,484.0,98.0,10.0,1.6666666666666667,4.0,0.0,59.7,14.925,21.0,10.9,140.0,35.0,53.0,18.0
122,2021,104759,Nico Collins,Wide Receiver,WR,Michigan,Wolverines,MICH,http://insider.espn.com/nfl/draft/player/_/id/104759,26.0,89.0,3.0,True,From CLE through CAR,Houston Texans,HOU,https://a.espncdn.com/i/teamlogos/nfl/500/scoreboard/hou.png,338aa0bebd631a241929796af121cefb,215.0,76.0,13.0,76.0,75.0,https://a.espncdn.com/i/headshots/nfldraft/players/full/104759.png,2021.0,Michigan,WR,76.13,215.0,9.375,34.125,,4.49,13.0,36.0,122.0,4.36,6.9,,54150,4258173,Michigan,78.0,26.0,38.0,3.0,1388.0,462.6666666666667,729.0,27.0,26.0,5.2,7.0,0.0,45.3,15.1,19.7,9.0,141.0,47.0,76.0,13.0
123,2021,105171,Dez Fitzpatrick,Wide Receiver,WR,Louisville,Cardinals,LOU,http://insider.espn.com/nfl/draft/player/_/id/105171,4.0,109.0,4.0,True,From HOU through CAR,Tennessee Titans,TEN,https://a.espncdn.com/i/teamlogos/nfl/500/scoreboard/ten.png,f70aa99cfb9e588ac53f11006b341ea1,208.0,74.0,29.0,176.0,57.0,https://a.espncdn.com/i/headshots/nfldraft/players/full/105171.png,2021.0,Louisville,WR,73.75,208.0,9.625,32.75,,4.53,,33.5,97.0,4.29,7.17,,58510,4036026,Louisville,154.0,38.5,45.0,31.0,2589.0,647.25,833.0,422.0,39.0,5.571428571428571,9.0,3.0,66.6,16.65,19.4,13.6,247.0,61.75,82.0,43.0
124,2021,105283,Amon-Ra St. Brown,Wide Receiver,WR,USC,Trojans,USC,http://insider.espn.com/nfl/draft/player/_/id/105283,7.0,112.0,4.0,False,,Detroit Lions,DET,https://a.espncdn.com/i/teamlogos/nfl/500/scoreboard/det.png,c0d739e74606743d4ebb3895ac5ecc20,197.0,72.0,21.0,133.0,66.0,https://a.espncdn.com/i/headshots/nfldraft/players/full/105283.png,2021.0,Southern California,WR,71.5,197.0,9.125,30.375,,4.65,19.0,37.0,124.0,4.3,7.01,,56584,4374302,USC,178.0,59.333333333333336,77.0,41.0,2270.0,756.6666666666666,1042.0,478.0,25.0,5.0,7.0,3.0,37.7,12.566666666666668,13.5,11.7,196.0,65.33333333333333,95.0,48.0
125,2021,105435,Jaelon Darden,Wide Receiver,WR,North Texas,Mean Green,UNT,http://insider.espn.com/nfl/draft/player/_/id/105435,24.0,129.0,4.0,True,From SEA,Tampa Bay Buccaneers,TB,https://a.espncdn.com/i/teamlogos/nfl/500/scoreboard/tb.png,40b2c4a5d6d9eaf6d64a9d00caa984ad,174.0,68.0,47.0,314.0,31.0,,2021.0,North Texas,WR,67.63,174.0,8.75,30.625,,4.5,10.0,34.0,119.0,4.14,6.78,,64809,4243830,North Texas,230.0,57.5,76.0,32.0,2782.0,695.5,1190.0,281.0,57.0,8.142857142857142,19.0,3.0,46.6,11.65,16.1,8.8,217.0,54.25,75.0,28.0
126,2021,104781,Tylan Wallace,Wide Receiver,WR,Oklahoma State,Cowboys,OKST,http://insider.espn.com/nfl/draft/player/_/id/104781,26.0,131.0,4.0,False,,Baltimore Ravens,BAL,https://a.espncdn.com/i/teamlogos/nfl/500/scoreboard/bal.png,f931655c94e20c7c1fbbc8caef258bf7,194.0,71.0,12.0,75.0,76.0,https://a.espncdn.com/i/headshots/nfldraft/players/full/104781.png,2021.0,Oklahoma State,WR,71.38,194.0,9.75,30.375,,4.54,10.0,31.5,109.0,4.29,7.08,,53911,4241424,Oklahoma State,205.0,51.25,86.0,7.0,3434.0,858.5,1491.0,118.0,46.0,7.666666666666667,12.0,0.0,66.8,16.7,17.3,15.6,240.0,60.0,90.0,39.0
127,2021,104790,Ihmir Smith-Marsette,Wide Receiver,WR,Iowa,Hawkeyes,IOWA,http://insider.espn.com/nfl/draft/player/_/id/104790,13.0,157.0,5.0,False,,Minnesota Vikings,MIN,https://a.espncdn.com/i/teamlogos/nfl/500/scoreboard/min.png,f918a772a092a496942d14ac38fed9a6,181.0,73.0,28.0,170.0,58.0,https://a.espncdn.com/i/headshots/nfldraft/players/full/104790.png,2021.0,Iowa,WR,72.75,181.0,9.75,30.75,,4.54,9.0,35.5,121.0,4.27,7.17,,58217,4240573,Iowa,110.0,27.5,44.0,18.0,1615.0,403.75,722.0,187.0,24.0,3.4285714285714284,5.0,2.0,56.3,14.075,16.4,10.4,202.0,50.5,60.0,31.0
128,2021,105203,Cornell Powell,Wide Receiver,WR,Clemson,Tigers,CLEM,http://insider.espn.com/nfl/draft/player/_/id/105203,37.0,181.0,5.0,False,Compensatory Selection,Kansas City Chiefs,KC,https://a.espncdn.com/i/teamlogos/nfl/500/scoreboard/kc.png,1e59ec465fcff29f6865b851813a6640,204.0,72.0,39.0,230.0,41.0,https://a.espncdn.com/i/headshots/nfldraft/players/full/105203.png,2021.0,Clemson,WR,72.25,204.0,10.0,32.75,,4.57,15.0,35.0,125.0,4.25,7.14,,60929,4035465,Clemson,93.0,18.6,53.0,5.0,1211.0,242.2,882.0,57.0,13.0,1.8571428571428568,7.0,0.0,51.7,10.34,16.6,7.1,170.0,34.0,70.0,14.0
129,2021,105197,Frank Darby,Wide Receiver,WR,Arizona State,Sun Devils,ASU,http://insider.espn.com/nfl/draft/player/_/id/105197,3.0,187.0,6.0,False,,Atlanta Falcons,ATL,https://a.espncdn.com/i/teamlogos/nfl/500/scoreboard/atl.png,a4690bb850610a2f0c28eed92a4f4acf,201.0,72.0,22.0,137.0,65.0,https://a.espncdn.com/i/headshots/nfldraft/players/full/105197.png,2021.0,Arizona State,WR,72.0,201.0,9.625,31.375,,4.65,18.0,33.0,114.0,4.27,7.26,,56862,4047836,Arizona State,67.0,16.75,31.0,6.0,1317.0,329.25,616.0,46.0,25.0,3.571428571428572,8.0,1.0,73.60000000000001,18.4,26.0,7.7,202.0,50.5,72.0,15.0
130,2021,104798,Marquez Stevenson,Wide Receiver,WR,Houston,Cougars,HOU,http://insider.espn.com/nfl/draft/player/_/id/104798,19.0,203.0,6.0,True,From WSH through LV and MIA and HOU,Buffalo Bills,BUF,https://a.espncdn.com/i/teamlogos/nfl/500/scoreboard/buf.png,af0f7481f1a2094b3a677af84d72bc55,180.0,70.0,24.0,143.0,63.0,https://a.espncdn.com/i/headshots/nfldraft/players/full/104798.png,2021.0,Houston,WR,70.13,180.0,8.625,31.5,,4.52,,31.5,119.0,4.25,6.97,,57278,4039307,Houston,147.0,36.75,75.0,0.0,2269.0,567.25,1019.0,36.0,40.0,6.666666666666667,9.0,0.0,46.4,11.6,17.4,0.0,262.0,65.5,96.0,36.0
131,2021,104917,Shi Smith,Wide Receiver,WR,South Carolina,Gamecocks,SC,http://insider.espn.com/nfl/draft/player/_/id/104917,20.0,204.0,6.0,True,From CHI,Carolina Panthers,CAR,https://a.espncdn.com/i/teamlogos/nfl/500/scoreboard/car.png,e1d672792c75330ba15acd619a58a0c3,186.0,70.0,15.0,89.0,73.0,https://a.espncdn.com/i/headshots/nfldraft/players/full/104917.png,2021.0,South Carolina,WR,69.5,186.0,9.75,31.875,,4.5,,34.5,120.0,4.26,6.9,,54684,4259499,South Carolina,174.0,43.5,57.0,29.0,2204.0,551.0,673.0,409.0,22.0,3.142857142857143,4.0,2.0,51.6,12.9,15.0,11.1,217.0,54.25,75.0,36.0
132,2021,105188,Racey McMath,Wide Receiver,WR,LSU,Tigers,LSU,http://insider.espn.com/nfl/draft/player/_/id/105188,21.0,205.0,6.0,False,,Tennessee Titans,TEN,https://a.espncdn.com/i/teamlogos/nfl/500/scoreboard/ten.png,5cc78617976ebc3fafbde40b4875385e,211.0,75.0,40.0,241.0,39.0,https://a.espncdn.com/i/headshots/nfldraft/players/full/105188.png,2021.0,Louisiana State,WR,74.5,211.0,8.875,32.0,,4.43,,32.5,122.0,4.44,7.48,,61682,4242231,LSU,33.0,11.0,17.0,2.0,522.0,174.0,285.0,42.0,7.0,1.75,3.0,0.0,51.7,17.23333333333333,21.0,13.9,113.0,37.66666666666666,60.0,23.0
133,2021,105290,Seth Williams,Wide Receiver,WR,Auburn,Tigers,AUB,http://insider.espn.com/nfl/draft/player/_/id/105290,35.0,219.0,6.0,True,Compensatory Selection from ATL,Denver Broncos,DEN,https://a.espncdn.com/i/teamlogos/nfl/500/scoreboard/den.png,c3cb9fa0e71cf92702f712449f83305b,211.0,75.0,27.0,165.0,59.0,https://a.espncdn.com/i/headshots/nfldraft/players/full/105290.png,2021.0,Auburn,WR,75.0,211.0,9.875,33.5,,4.53,11.0,35.5,121.0,4.47,7.31,,58057,4371974,Auburn,132.0,44.0,59.0,26.0,2124.0,708.0,830.0,534.0,30.0,6.0,8.0,4.0,50.8,16.933333333333334,20.5,14.1,168.0,56.0,62.0,48.0
134,2021,105308,Dazz Newsome,Wide Receiver,WR,North Carolina,Tar Heels,UNC,http://insider.espn.com/nfl/draft/player/_/id/105308,37.0,221.0,6.0,False,Compensatory Selection,Chicago Bears,CHI,https://a.espncdn.com/i/teamlogos/nfl/500/scoreboard/chi.png,c339c7d5437e6957d4dac87d640382c0,190.0,70.0,41.0,255.0,37.0,https://a.espncdn.com/i/headshots/nfldraft/players/full/105308.png,2021.0,North Carolina,WR,70.13,190.0,9.0,29.875,,4.63,11.0,32.5,118.0,4.43,7.5,,62371,4240661,North Carolina,188.0,47.0,72.0,18.0,2435.0,608.75,1018.0,227.0,30.0,5.0,10.0,0.0,50.900000000000006,12.725,14.1,11.5,241.0,60.25,75.0,54.0
135,2021,104764,Sage Surratt,Wide Receiver,WR,Wake Forest,Demon Deacons,WAKE,http://insider.espn.com/nfl/draft/player/_/id/104764,,,,,,,,,6e16abe41e1bb543f3de14542f4aa136,209.0,74.5,18.0,105.0,70.0,https://a.espncdn.com/i/headshots/nfldraft/players/full/104764.png,2021.0,Wake Forest,WR,74.5,209.0,9.0,32.25,,4.74,,,112.0,4.29,,,55564,4240432,Wake Forest,107.0,53.5,66.0,41.0,1582.0,791.0,1001.0,581.0,30.0,7.5,11.0,4.0,29.4,14.7,15.2,14.2,113.0,56.5,70.0,43.0
136,2021,104812,Tyler Vaughns,Wide Receiver,WR,USC,Trojans,USC,http://insider.espn.com/nfl/draft/player/_/id/104812,,,,,,,,,e2e96c0c3ea2909757f3e001bb2ea327,184.0,74.0,19.0,122.0,68.0,https://a.espncdn.com/i/headshots/nfldraft/players/full/104812.png,2021.0,Southern California,WR,74.0,184.0,9.5,32.875,,4.73,6.0,30.0,117.0,4.44,7.26,,56192,4035692,USC,222.0,55.5,74.0,33.0,2801.0,700.25,912.0,406.0,37.0,5.285714285714286,6.0,3.0,50.39999999999999,12.599999999999998,14.2,11.6,181.0,45.25,49.0,42.0
137,2021,104818,Osirus Mitchell,Wide Receiver,WR,Mississippi State,Bulldogs,MSST,http://insider.espn.com/nfl/draft/player/_/id/104818,,,,,,,,,1d0a5881847dd43e292d31864b2ad25d,206.0,77.0,20.0,129.0,67.0,https://a.espncdn.com/i/headshots/nfldraft/players/full/104818.png,2021.0,Mississippi State,WR,77.0,206.0,10.875,34.375,,4.65,11.0,34.0,125.0,4.38,7.23,,56438,4035386,Mississippi State,107.0,26.75,47.0,5.0,1413.0,353.25,505.0,51.0,24.0,4.0,6.0,0.0,52.1,13.025,16.4,10.2,180.0,45.0,84.0,18.0
138,2021,104830,T.J. Vasher,Wide Receiver,WR,Texas Tech,Red Raiders,TTU,http://insider.espn.com/nfl/draft/player/_/id/104830,,,,,,,,,ea02144d03d5e1789a476cfddb45d5be,203.0,77.625,23.0,141.0,64.0,https://a.espncdn.com/i/headshots/nfldraft/players/full/104830.png,2021.0,Texas Tech,WR,77.63,203.0,10.25,35.625,,,,35.5,118.0,,,,57125,4043158,Texas Tech,146.0,29.2,54.0,2.0,1983.0,396.6,687.0,9.0,40.0,5.0,7.0,0.0,60.2,12.04,18.8,4.5,171.0,34.2,60.0,6.0
139,2021,104836,Warren Jackson,Wide Receiver,WR,Colorado State,Rams,CSU,http://insider.espn.com/nfl/draft/player/_/id/104836,,,,,,,,,415358a8d14e62c13ef7b73796250ede,219.0,78.0,25.0,148.0,62.0,https://a.espncdn.com/i/headshots/nfldraft/players/full/104836.png,2021.0,Colorado State,WR,78.0,219.0,9.375,33.5,,4.76,10.0,32.0,120.0,4.55,7.82,,57472,4256040,Colorado State,124.0,41.333333333333336,77.0,15.0,1789.0,596.3333333333334,1119.0,265.0,28.0,4.666666666666667,8.0,2.0,44.9,14.966666666666669,17.7,12.7,151.0,50.333333333333336,87.0,24.0
140,2021,104864,Jhamon Ausbon,Wide Receiver,WR,Texas A&M,Aggies,TA&M,http://insider.espn.com/nfl/draft/player/_/id/104864,,,,,,,,,9cb5b67c6597aeb87f0b1adae10a36c8,217.0,74.375,32.0,190.0,53.0,https://a.espncdn.com/i/headshots/nfldraft/players/full/104864.png,2021.0,Texas A&M,WR,74.38,217.0,9.875,32.375,,4.76,,31.5,115.0,4.32,7.0,,59117,4240895,Texas A&M,147.0,49.0,66.0,31.0,1818.0,606.0,872.0,375.0,16.0,3.2,5.0,0.0,36.7,12.233333333333334,13.2,11.4,105.0,35.0,41.0,26.0
141,2021,104848,Brandon Smith,Wide Receiver,WR,Iowa,Hawkeyes,IOWA,http://insider.espn.com/nfl/draft/player/_/id/104848,,,,,,,,,8fd4f1b952f7d4b643d7136d2b5e9560,218.0,73.375,34.0,199.0,51.0,https://a.espncdn.com/i/headshots/nfldraft/players/full/104848.png,2021.0,Iowa,WR,73.38,218.0,9.375,34.25,,4.68,20.0,37.5,127.0,,,,59359,4240577,Iowa,88.0,29.33333333333333,37.0,23.0,1031.0,343.6666666666667,439.0,231.0,16.0,3.2,5.0,2.0,34.8,11.6,12.9,10.0,83.0,27.666666666666668,34.0,19.0
142,2021,105214,Austin Watkins,Wide Receiver,WR,UAB,Blazers,UAB,http://insider.espn.com/nfl/draft/player/_/id/105214,,,,,,,,,d368d8728ec7fa927cb7f867689233a0,209.0,73.5,43.0,271.0,35.0,https://a.espncdn.com/i/headshots/nfldraft/players/full/105214.png,2021.0,Alabama-Birmingham,WR,73.5,209.0,9.625,31.75,,4.6,17.0,,130.0,,,,63031,4363409,UAB,98.0,32.666666666666664,57.0,7.0,1642.0,547.3333333333334,1092.0,82.0,15.0,3.75,6.0,0.0,44.7,14.9,19.2,11.7,147.0,49.0,67.0,24.0
143,2021,105442,Tim Jones,Wide Receiver,WR,Southern Mississippi,Golden Eagles,USM,http://insider.espn.com/nfl/draft/player/_/id/105442,,,,,,,,,4ec81ea989662f4df4b551fb7ef6e517,203.0,72.75,49.0,321.0,30.0,,2021.0,Southern Mississippi,WR,72.75,203.0,9.5,31.375,,4.51,16.0,38.5,121.0,4.18,7.13,,65220,4245131,Southern Mississippi,150.0,37.5,73.0,5.0,2011.0,502.75,902.0,121.0,14.0,2.0,4.0,1.0,64.69999999999999,16.174999999999997,24.2,12.1,263.0,65.75,74.0,51.0
144,2021,105464,Tarik Black,Wide Receiver,WR,Texas,Longhorns,TEX,http://insider.espn.com/nfl/draft/player/_/id/105464,,,,,,,,,9975bd958feabe8e25224cf09eb4c7cb,213.0,74.75,53.0,342.0,30.0,,2021.0,Texas,WR,74.75,213.0,9.75,33.75,,4.58,14.0,38.5,129.0,4.3,7.02,,66372,4258170,Texas,50.0,12.5,25.0,4.0,747.0,186.75,323.0,35.0,5.0,0.8333333333333334,1.0,0.0,59.2,14.8,24.0,8.8,169.0,42.25,72.0,15.0
