,draft_year,player_id,player_name,position,pos_abbr,school_x,school_name,school_abbr,link,pick,overall,round,traded,trade_note,team,team_abbr,team_logo_espn,guid,weight,height,pos_rk,ovr_rk,grade,player_image,Year,College,POS,Height (in),Weight (lbs),Wonderlic,40 Yard,Bench Press,Vert Leap (in),Broad Jump (in),Shuttle,3Cone,Unnamed: 0,alt_player_id,school_y,Total Total Tackles,Mean Total Tackles,Highest Total Tackles,Lowest Total Tackles,Total Solo Tackles,Mean Solo Tackles,Highest Solo Tackles,Lowest Solo Tackles,Total Assist Tackles,Mean Assist Tackles,Highest Assist Tackles,Lowest Assist Tackles,Total Passes Defended,Mean Passes Defended,Highest Passes Defended,Lowest Passes Defended,Total Sacks,Mean Sacks,Highest Sacks,Lowest Sacks,Total Forced Fumbles,Mean Forced Fumbles,Highest Forced Fumbles,Lowest Forced Fumbles,Total Interceptions,Mean Interceptions,Highest Interceptions,Lowest Interceptions,Total Interception Yards,Mean Interception Yards,Highest Interception Yards,Lowest Interception Yards,Total Interception Touchdowns,Mean Interception Touchdowns,Highest Interception Touchdowns,Lowest Interception Touchdowns
0,2015,46880,Quinten Rollins,Cornerback,CB,Miami (OH),RedHawks,M-OH,http://insider.espn.com/nfl/draft/player/_/id/46880,30.0,62.0,2.0,False,,Green Bay Packers,GB,https://a.espncdn.com/i/teamlogos/nfl/500/scoreboard/gb.png,2fb971efa4aa202cdd6bd21fc50880d1,195.0,71.0,10.0,71.0,77.0,,2015,Miami (OH),CB,71.13,195,,4.57,14.0,36.5,122.0,4.28,7.1,461,3125961,Miami (OH),73.0,73.0,73.0,73.0,54.0,54.0,54.0,54.0,19.0,19.0,19.0,19.0,0.0,0.0,0.0,0.0,0.0,0.0,0.0,0.0,1.0,1.0,1.0,1.0,7.0,7.0,7.0,7.0,35.0,35.0,35.0,35.0,1.0,1.0,1.0,1.0
1,2017,52107,Marshon Lattimore,Cornerback,CB,Ohio State,Buckeyes,OSU,http://insider.espn.com/nfl/draft/player/_/id/52107,11.0,11.0,1.0,False,,New Orleans Saints,NO,https://a.espncdn.com/i/teamlogos/nfl/500/scoreboard/no.png,fe828712b9a1f62889e62938a6362a4a,193.0,72.0,1.0,6.0,92.0,https://a.espncdn.com/i/headshots/nfldraft/players/full/52107.png,2017,Ohio State,CB,72.0,193,23.0,4.36,,38.5,132.0,4.12,,1249,3121421,Ohio State,45.0,22.5,41.0,4.0,34.0,17.0,30.0,4.0,11.0,5.5,11.0,0.0,9.0,4.5,9.0,0.0,0.0,0.0,0.0,0.0,0.0,0.0,0.0,0.0,4.0,2.0,4.0,0.0,61.0,30.5,61.0,0.0,1.0,0.5,1.0,0.0
2,2017,52108,Malik Hooker,Safety,S,Ohio State,Buckeyes,OSU,http://insider.espn.com/nfl/draft/player/_/id/52108,15.0,15.0,1.0,False,,Indianapolis Colts,IND,https://a.espncdn.com/i/teamlogos/nfl/500/scoreboard/ind.png,4dc575d861a09b1c943a386e16d49ffd,206.0,73.0,2.0,10.0,92.0,https://a.espncdn.com/i/headshots/nfldraft/players/full/52108.png,2017,Ohio State,FS,73.38,206,17.0,,,,,,,1356,3121415,Ohio State,84.0,42.0,74.0,10.0,49.0,24.5,43.0,6.0,35.0,17.5,31.0,4.0,4.0,2.0,4.0,0.0,0.5,0.25,0.5,0.0,0.0,0.0,0.0,0.0,7.0,3.5,7.0,0.0,181.0,90.5,181.0,0.0,3.0,1.5,3.0,0.0
3,2017,51719,Marlon Humphrey,Cornerback,CB,Alabama,Crimson Tide,ALA,http://insider.espn.com/nfl/draft/player/_/id/51719,16.0,16.0,1.0,False,,Baltimore Ravens,BAL,https://a.espncdn.com/i/teamlogos/nfl/500/scoreboard/bal.png,c840224c32fa6d92e3b8827a24c49703,197.0,72.0,3.0,23.0,89.0,https://a.espncdn.com/i/headshots/nfldraft/players/full/51719.png,2017,Alabama,CB,72.25,197,20.0,4.41,10.0,,125.0,4.28,6.75,1383,3126356,Alabama,81.0,40.5,45.0,36.0,61.0,30.5,35.0,26.0,20.0,10.0,10.0,10.0,5.0,2.5,5.0,0.0,0.0,0.0,0.0,0.0,3.0,1.5,2.0,1.0,5.0,2.5,3.0,2.0,46.0,23.0,28.0,18.0,1.0,0.5,1.0,0.0
4,2017,52113,Marcus Williams,Safety,S,Utah,Utes,UTAH,http://insider.espn.com/nfl/draft/player/_/id/52113,10.0,42.0,2.0,False,,New Orleans Saints,NO,https://a.espncdn.com/i/teamlogos/nfl/500/scoreboard/no.png,6034101a3ac33bed017a5f9b747d850e,202.0,73.0,8.0,52.0,83.0,https://a.espncdn.com/i/headshots/nfldraft/players/full/52113.png,2017,Utah,FS,72.75,202,,4.56,14.0,43.5,128.0,4.2,6.85,1977,3122882,Utah,188.0,62.66666666666666,65.0,59.0,125.0,41.66666666666666,46.0,36.0,63.0,21.0,29.0,16.0,3.0,1.0,3.0,0.0,0.0,0.0,0.0,0.0,4.0,1.3333333333333333,2.0,0.0,11.0,3.6666666666666665,5.0,1.0,114.0,38.0,88.0,6.0,0.0,0.0,0.0,0.0
5,2017,51720,Sidney Jones,Cornerback,CB,Washington,Huskies,WASH,http://insider.espn.com/nfl/draft/player/_/id/51720,11.0,43.0,2.0,False,,Philadelphia Eagles,PHI,https://a.espncdn.com/i/teamlogos/nfl/500/scoreboard/phi.png,8d6be2c0abd84c7b9c2bf29db9a3d757,186.0,72.0,10.0,65.0,79.0,https://a.espncdn.com/i/headshots/nfldraft/players/full/51720.png,2017,Washington,CB,71.75,186,,4.47,12.0,33.5,123.0,4.28,7.02,2004,3127299,Washington,146.0,48.66666666666666,61.0,39.0,105.0,35.0,47.0,27.0,41.0,13.666666666666666,15.0,12.0,6.0,2.0,6.0,0.0,0.0,0.0,0.0,0.0,7.0,2.333333333333333,4.0,1.0,9.0,3.0,4.0,2.0,147.0,49.0,125.0,0.0,1.0,0.3333333333333333,1.0,0.0
6,2017,52097,Quincy Wilson,Cornerback,CB,Florida,Gators,FLA,http://insider.espn.com/nfl/draft/player/_/id/52097,14.0,46.0,2.0,False,,Indianapolis Colts,IND,https://a.espncdn.com/i/teamlogos/nfl/500/scoreboard/ind.png,2d40b02c551c803823a9f1263ccee0da,211.0,74.0,6.0,31.0,88.0,https://a.espncdn.com/i/headshots/nfldraft/players/full/52097.png,2017,Florida,CB,72.63,211,,4.54,14.0,32.0,116.0,4.02,6.86,2092,3121660,Florida,82.0,27.33333333333333,33.0,22.0,49.0,16.333333333333332,18.0,15.0,33.0,11.0,15.0,6.0,6.0,2.0,6.0,0.0,1.0,0.3333333333333333,1.0,0.0,1.0,0.3333333333333333,1.0,0.0,6.0,2.0,3.0,1.0,93.0,31.0,80.0,0.0,1.0,0.3333333333333333,1.0,0.0
7,2017,51605,Justin Evans,Safety,S,Texas A&M,Aggies,TA&M,http://insider.espn.com/nfl/draft/player/_/id/51605,18.0,50.0,2.0,False,,Tampa Bay Buccaneers,TB,https://a.espncdn.com/i/teamlogos/nfl/500/scoreboard/tb.png,6767961c45ae42799002f76a8331d302,199.0,72.0,9.0,92.0,74.0,https://a.espncdn.com/i/headshots/nfldraft/players/full/51605.png,2017,Texas A&M,SS,72.0,199,25.0,4.6,14.0,41.5,129.0,,,2203,3895859,Texas A&M,165.0,82.5,87.0,78.0,99.0,49.5,52.0,47.0,66.0,33.0,35.0,31.0,8.0,4.0,8.0,0.0,0.0,0.0,0.0,0.0,0.0,0.0,0.0,0.0,5.0,2.5,4.0,1.0,0.0,0.0,0.0,0.0,0.0,0.0,0.0,0.0
8,2017,51977,Ahkello Witherspoon,Cornerback,CB,Colorado,Buffaloes,COLO,http://insider.espn.com/nfl/draft/player/_/id/51977,2.0,66.0,3.0,False,,San Francisco 49ers,SF,https://a.espncdn.com/i/teamlogos/nfl/500/scoreboard/sf.png,72d6ef73c6892b53d898fe42c0ed8ceb,198.0,75.0,14.0,85.0,74.0,https://a.espncdn.com/i/headshots/nfldraft/players/full/51977.png,2017,Colorado,CB,74.75,198,,4.45,,40.5,126.0,4.13,6.93,2447,3122630,Colorado,71.0,23.666666666666668,36.0,12.0,60.0,20.0,34.0,7.0,11.0,3.6666666666666665,5.0,2.0,19.0,6.333333333333333,19.0,0.0,0.0,0.0,0.0,0.0,1.0,0.3333333333333333,1.0,0.0,3.0,1.0,2.0,0.0,0.0,0.0,0.0,0.0,0.0,0.0,0.0,0.0
9,2017,51817,Rasul Douglas,Cornerback,CB,West Virginia,Mountaineers,WVU,http://insider.espn.com/nfl/draft/player/_/id/51817,35.0,99.0,3.0,False,Compensatory,Philadelphia Eagles,PHI,https://a.espncdn.com/i/teamlogos/nfl/500/scoreboard/phi.png,a4c346e67f33bc3533be4bfc3a353890,209.0,74.0,16.0,105.0,72.0,https://a.espncdn.com/i/headshots/nfldraft/players/full/51817.png,2017,West Virginia,CB,74.0,209,,4.59,16.0,33.5,120.0,4.26,6.97,2619,3943270,West Virginia,78.0,39.0,70.0,8.0,55.0,27.5,49.0,6.0,23.0,11.5,21.0,2.0,8.0,4.0,8.0,0.0,1.0,0.5,1.0,0.0,2.0,1.0,1.0,1.0,9.0,4.5,8.0,1.0,101.0,50.5,101.0,0.0,1.0,0.5,1.0,0.0
10,2017,51740,Montae Nicholson,Safety,S,Michigan State,Spartans,MSU,http://insider.espn.com/nfl/draft/player/_/id/51740,17.0,123.0,4.0,False,,Washington Redskins,WSH,https://a.espncdn.com/i/teamlogos/nfl/500/scoreboard/wsh.png,784466c1098175264dac5c9dde739484,212.0,74.0,14.0,147.0,61.0,https://a.espncdn.com/i/headshots/nfldraft/players/full/51740.png,2017,Michigan State,SS,73.63,212,,4.42,,35.0,125.0,4.19,,2816,3134683,Michigan State,199.0,66.33333333333333,85.0,31.0,108.0,36.0,52.0,18.0,91.0,30.33333333333333,47.0,13.0,0.0,0.0,0.0,0.0,0.0,0.0,0.0,0.0,1.0,0.3333333333333333,1.0,0.0,4.0,1.3333333333333333,3.0,0.0,70.0,23.33333333333333,60.0,0.0,0.0,0.0,0.0,0.0
11,2017,51724,Howard Wilson,Cornerback,CB,Houston,Cougars,HOU,http://insider.espn.com/nfl/draft/player/_/id/51724,20.0,126.0,4.0,True,From DEN,Cleveland Browns,CLE,https://a.espncdn.com/i/teamlogos/nfl/500/scoreboard/cle.png,f1aae8b6ac48562f5dfbdbd95d3ca83b,184.0,73.0,18.0,133.0,66.0,https://a.espncdn.com/i/headshots/nfldraft/players/full/51724.png,2017,Houston,CB,72.75,184,,4.57,10.0,33.5,117.0,3.94,6.68,2852,3126176,Houston,107.0,35.666666666666664,54.0,5.0,77.0,25.666666666666668,45.0,5.0,30.0,10.0,21.0,0.0,10.0,3.333333333333333,10.0,0.0,0.0,0.0,0.0,0.0,0.0,0.0,0.0,0.0,9.0,3.0,5.0,1.0,63.0,21.0,58.0,0.0,1.0,0.3333333333333333,1.0,0.0
12,2017,51982,Treston Decoud,Cornerback,CB,Oregon State,Beavers,ORST,http://insider.espn.com/nfl/draft/player/_/id/51982,25.0,169.0,5.0,False,,Houston Texans,HOU,https://a.espncdn.com/i/teamlogos/nfl/500/scoreboard/hou.png,c0cac90a3c2fd77aab10ed44b2e4f0fe,206.0,74.0,26.0,245.0,43.0,https://a.espncdn.com/i/headshots/nfldraft/players/full/51982.png,2017,Oregon State,CB,73.75,206,,4.62,11.0,31.0,116.0,4.53,7.2,3140,2985844,Oregon State,108.0,54.0,58.0,50.0,77.0,38.5,46.0,31.0,31.0,15.5,19.0,12.0,0.0,0.0,0.0,0.0,1.0,0.5,1.0,0.0,0.0,0.0,0.0,0.0,2.0,1.0,2.0,0.0,88.0,44.0,88.0,0.0,1.0,0.5,1.0,0.0
13,2017,51967,Shalom Luani,Safety,S,Washington State,Cougars,WSU,http://insider.espn.com/nfl/draft/player/_/id/51967,3.0,221.0,7.0,True,From CHI through ARI,Oakland Raiders,OAK,https://a.espncdn.com/i/teamlogos/nfl/500/scoreboard/oak.png,f118f47c05a94c8c8efb0d4d69ca399a,202.0,71.0,22.0,252.0,42.0,https://a.espncdn.com/i/headshots/nfldraft/players/full/51967.png,2017,Washington State,SS,71.38,202,,4.55,12.0,31.0,116.0,4.21,6.87,3368,3894908,Washington State,157.0,78.5,90.0,67.0,114.0,57.0,67.0,47.0,43.0,21.5,23.0,20.0,6.0,3.0,6.0,0.0,2.0,1.0,2.0,0.0,3.0,1.5,2.0,1.0,8.0,4.0,4.0,4.0,200.0,100.0,109.0,91.0,1.0,0.5,1.0,0.0
14,2018,101662,Denzel Ward,Cornerback,CB,Ohio State,Buckeyes,OSU,http://insider.espn.com/nfl/draft/player/_/id/101662,4.0,4.0,1.0,True,From HOU,Cleveland Browns,CLE,https://a.espncdn.com/i/teamlogos/nfl/500/scoreboard/cle.png,95f2a31ddb2e076eb5a926005a9bdfd6,183.0,71.0,1.0,6.0,93.0,https://a.espncdn.com/i/headshots/nfldraft/players/full/101662.png,2018,Ohio State,CB,70.88,183,,4.32,16.0,39.0,136.0,,,4328,3915535,Ohio State,67.0,22.33333333333333,37.0,7.0,47.0,15.666666666666666,30.0,5.0,20.0,6.666666666666667,11.0,2.0,24.0,8.0,15.0,0.0,0.0,0.0,0.0,0.0,0.0,0.0,0.0,0.0,1.0,0.3333333333333333,1.0,0.0,0.0,0.0,0.0,0.0,0.0,0.0,0.0,0.0
15,2018,101660,Minkah Fitzpatrick,Safety,S,Alabama,Crimson Tide,ALA,http://insider.espn.com/nfl/draft/player/_/id/101660,11.0,11.0,1.0,False,,Miami Dolphins,MIA,https://a.espncdn.com/i/teamlogos/nfl/500/scoreboard/mia.png,5830595fa479c8046cbbfbc86b9a9350,204.0,72.0,2.0,8.0,93.0,https://a.espncdn.com/i/headshots/nfldraft/players/full/101660.png,2018,Alabama,CB,72.13,204,,4.46,14.0,33.0,121.0,4.13,6.73,4658,3925345,Alabama,171.0,57.0,66.0,45.0,110.0,36.66666666666666,42.0,30.0,61.0,20.33333333333333,24.0,15.0,15.0,5.0,8.0,0.0,5.0,1.6666666666666667,2.0,1.5,2.0,0.6666666666666666,1.0,0.0,9.0,3.0,6.0,1.0,274.0,91.33333333333331,186.0,0.0,4.0,1.3333333333333333,2.0,0.0
16,2018,101661,Derwin James,Safety,S,Florida State,Seminoles,FSU,http://insider.espn.com/nfl/draft/player/_/id/101661,17.0,17.0,1.0,False,,Los Angeles Chargers,LAC,https://a.espncdn.com/i/teamlogos/nfl/500/scoreboard/lac.png,14969854347a8b069520b6b3dd7eea36,215.0,74.0,1.0,7.0,93.0,https://a.espncdn.com/i/headshots/nfldraft/players/full/101661.png,2018,Florida State,SS,73.75,215,,4.47,21.0,40.0,132.0,4.34,7.34,4893,3691739,Florida State,186.0,62.0,91.0,11.0,110.0,36.66666666666666,52.0,9.0,76.0,25.33333333333333,39.0,2.0,11.0,3.6666666666666665,11.0,0.0,5.5,1.8333333333333333,4.5,0.0,1.0,0.3333333333333333,1.0,0.0,3.0,1.0,2.0,0.0,41.0,13.666666666666666,41.0,0.0,1.0,0.3333333333333333,1.0,0.0
17,2018,101675,Jaire Alexander,Cornerback,CB,Louisville,Cardinals,LOU,http://insider.espn.com/nfl/draft/player/_/id/101675,18.0,18.0,1.0,True,From SEA,Green Bay Packers,GB,https://a.espncdn.com/i/teamlogos/nfl/500/scoreboard/gb.png,23d53fbfb932d1db7c5aa49803a84c17,196.0,70.0,2.0,17.0,90.0,https://a.espncdn.com/i/headshots/nfldraft/players/full/101675.png,2018,Louisville,CB,70.25,192,,4.38,14.0,35.0,127.0,3.98,6.71,4947,3895429,Louisville,77.0,25.666666666666668,39.0,19.0,59.0,19.666666666666668,31.0,13.0,18.0,6.0,8.0,4.0,13.0,4.333333333333333,9.0,0.0,0.0,0.0,0.0,0.0,1.0,0.3333333333333333,1.0,0.0,7.0,2.333333333333333,5.0,1.0,42.0,14.0,37.0,0.0,0.0,0.0,0.0,0.0
18,2018,101847,Terrell Edmunds,Safety,S,Virginia Tech,Hokies,VT,http://insider.espn.com/nfl/draft/player/_/id/101847,28.0,28.0,1.0,False,,Pittsburgh Steelers,PIT,https://a.espncdn.com/i/teamlogos/nfl/500/scoreboard/pit.png,821100e6c73bbe93375c85e0fc09ca15,217.0,73.0,6.0,81.0,74.0,https://a.espncdn.com/i/headshots/nfldraft/players/full/101847.png,2018,Virginia Tech,SS,72.5,220,,4.47,,41.5,134.0,,,5536,3124067,Virginia Tech,183.0,61.0,89.0,34.0,91.0,30.33333333333333,45.0,16.0,92.0,30.666666666666668,44.0,18.0,7.0,2.333333333333333,4.0,0.0,1.5,0.5,1.5,0.0,0.0,0.0,0.0,0.0,6.0,2.0,4.0,0.0,98.0,32.666666666666664,70.0,0.0,0.0,0.0,0.0,0.0
19,2018,101663,Josh Jackson,Cornerback,CB,Iowa,Hawkeyes,IOWA,http://insider.espn.com/nfl/draft/player/_/id/101663,13.0,45.0,2.0,False,,Green Bay Packers,GB,https://a.espncdn.com/i/teamlogos/nfl/500/scoreboard/gb.png,cfaf44e700f437df2c581ed12b928a76,196.0,72.0,4.0,27.0,88.0,https://a.espncdn.com/i/headshots/nfldraft/players/full/101663.png,2018,Iowa,CB,72.38,192,,4.56,18.0,38.0,123.0,4.03,6.86,6446,3144984,Iowa,66.0,22.0,48.0,8.0,52.0,17.333333333333332,34.0,8.0,14.0,4.666666666666667,14.0,0.0,22.0,7.333333333333333,18.0,0.0,0.0,0.0,0.0,0.0,1.0,0.3333333333333333,1.0,0.0,8.0,2.6666666666666665,8.0,0.0,168.0,56.0,168.0,0.0,2.0,0.6666666666666666,2.0,0.0
20,2018,101665,M.J. Stewart,Cornerback,CB,North Carolina,Tar Heels,UNC,http://insider.espn.com/nfl/draft/player/_/id/101665,21.0,53.0,2.0,True,From BUF,Tampa Bay Buccaneers,TB,https://a.espncdn.com/i/teamlogos/nfl/500/scoreboard/tb.png,4ab468906dc12c38bd87763ae2fc9099,200.0,71.0,12.0,92.0,72.0,https://a.espncdn.com/i/headshots/nfldraft/players/full/101665.png,2018,North Carolina,CB,70.88,200,,4.54,18.0,35.0,118.0,4.28,6.9,6711,3116679,North Carolina,199.0,49.75,66.0,26.0,129.0,32.25,48.0,14.0,70.0,17.5,28.0,12.0,23.0,5.75,12.0,0.0,3.0,0.75,2.0,0.0,3.0,0.75,2.0,0.0,6.0,1.5,4.0,0.0,21.0,5.25,21.0,0.0,0.0,0.0,0.0,0.0
21,2018,101838,Donte Jackson,Cornerback,CB,LSU,Tigers,LSU,http://insider.espn.com/nfl/draft/player/_/id/101838,23.0,55.0,2.0,False,,Carolina Panthers,CAR,https://a.espncdn.com/i/teamlogos/nfl/500/scoreboard/car.png,c25728116652e8bdd5f71794289bc026,178.0,71.0,5.0,45.0,84.0,https://a.espncdn.com/i/headshots/nfldraft/players/full/101838.png,2018,Louisiana State,CB,70.5,175,,4.32,7.0,37.0,124.0,,,6810,3843769,LSU,112.0,37.333333333333336,48.0,25.0,84.0,28.0,32.0,20.0,28.0,9.333333333333334,16.0,5.0,17.0,5.666666666666667,9.0,0.0,1.0,0.3333333333333333,1.0,0.0,1.0,0.3333333333333333,1.0,0.0,4.0,1.3333333333333333,2.0,1.0,40.0,13.333333333333334,40.0,0.0,0.0,0.0,0.0,0.0
22,2018,101751,Isaiah Oliver,Cornerback,CB,Colorado,Buffaloes,COLO,http://insider.espn.com/nfl/draft/player/_/id/101751,26.0,58.0,2.0,False,,Atlanta Falcons,ATL,https://a.espncdn.com/i/teamlogos/nfl/500/scoreboard/atl.png,3e2711f8605c4b1643adbf7371e3f3b6,201.0,72.0,6.0,54.0,83.0,https://a.espncdn.com/i/headshots/nfldraft/players/full/101751.png,2018,Colorado,CB,72.25,190,,4.5,,,,,,6860,3915437,Colorado,82.0,27.33333333333333,34.0,22.0,62.0,20.666666666666668,23.0,19.0,20.0,6.666666666666667,11.0,3.0,19.0,6.333333333333333,12.0,0.0,0.0,0.0,0.0,0.0,1.0,0.3333333333333333,1.0,0.0,3.0,1.0,2.0,0.0,41.0,13.666666666666666,41.0,0.0,0.0,0.0,0.0,0.0
23,2018,101841,Carlton Davis,Cornerback,CB,Auburn,Tigers,AUB,http://insider.espn.com/nfl/draft/player/_/id/101841,31.0,63.0,2.0,True,From NE,Tampa Bay Buccaneers,TB,https://a.espncdn.com/i/teamlogos/nfl/500/scoreboard/tb.png,96c9630bedc29b22c7f30b5487d35ac1,206.0,73.0,9.0,83.0,74.0,https://a.espncdn.com/i/headshots/nfldraft/players/full/101841.png,2018,Auburn,CB,73.0,203,,4.53,16.0,34.0,124.0,4.31,7.3,7175,3916923,Auburn,138.0,46.0,56.0,36.0,102.0,34.0,38.0,27.0,36.0,12.0,18.0,9.0,21.0,7.0,11.0,0.0,0.5,0.1666666666666666,0.5,0.0,2.0,0.6666666666666666,1.0,0.0,4.0,1.3333333333333333,3.0,0.0,0.0,0.0,0.0,0.0,0.0,0.0,0.0,0.0
24,2018,101835,Justin Reid,Safety,S,Stanford,Cardinal,STAN,http://insider.espn.com/nfl/draft/player/_/id/101835,4.0,68.0,3.0,False,,Houston Texans,HOU,https://a.espncdn.com/i/teamlogos/nfl/500/scoreboard/hou.png,462f628b03ddeccc1c96e5654aa85bcb,207.0,73.0,3.0,39.0,85.0,https://a.espncdn.com/i/headshots/nfldraft/players/full/101835.png,2018,Stanford,FS,72.5,204,,4.4,16.0,36.5,128.0,4.15,6.65,7283,3931399,Stanford,170.0,56.66666666666666,94.0,21.0,104.0,34.666666666666664,54.0,14.0,66.0,22.0,40.0,7.0,13.0,4.333333333333333,7.0,0.0,1.0,0.3333333333333333,1.0,0.0,0.0,0.0,0.0,0.0,6.0,2.0,5.0,0.0,2.0,0.6666666666666666,1.0,0.0,0.0,0.0,0.0,0.0
25,2018,101664,Ronnie Harrison,Safety,S,Alabama,Crimson Tide,ALA,http://insider.espn.com/nfl/draft/player/_/id/101664,29.0,93.0,3.0,False,,Jacksonville Jaguars,JAX,https://a.espncdn.com/i/teamlogos/nfl/500/scoreboard/jax.png,8c91229d7e617e3a5e3817e177a143fa,207.0,74.0,4.0,41.0,85.0,https://a.espncdn.com/i/headshots/nfldraft/players/full/101664.png,2018,Alabama,SS,74.0,214,,4.63,,34.0,120.0,,,8079,3859006,Alabama,174.0,58.0,83.0,17.0,110.0,36.66666666666666,56.0,11.0,64.0,21.33333333333333,31.0,6.0,11.0,3.6666666666666665,7.0,0.0,3.5,1.1666666666666667,2.5,0.0,1.0,0.3333333333333333,1.0,0.0,7.0,2.333333333333333,3.0,2.0,112.0,37.333333333333336,64.0,7.0,1.0,0.3333333333333333,1.0,0.0
26,2018,101916,Tarvarius Moore,Safety,S,Southern Mississippi,Golden Eagles,USM,http://insider.espn.com/nfl/draft/player/_/id/101916,31.0,95.0,3.0,True,From NE,San Francisco 49ers,SF,https://a.espncdn.com/i/teamlogos/nfl/500/scoreboard/sf.png,954805a4ffbd7e72a79ea9316faaa974,189.0,73.0,10.0,126.0,67.0,,2018,Southern Mississippi,FS,73.13,199,,4.32,7.0,38.5,133.0,4.2,6.95,8124,4039278,Southern Mississippi,104.0,52.0,87.0,17.0,70.0,35.0,59.0,11.0,34.0,17.0,28.0,6.0,12.0,6.0,10.0,2.0,0.0,0.0,0.0,0.0,1.0,0.5,1.0,0.0,5.0,2.5,3.0,2.0,54.0,27.0,54.0,0.0,0.0,0.0,0.0,0.0
27,2018,101749,Isaac Yiadom,Cornerback,CB,Boston College,Eagles,BC,http://insider.espn.com/nfl/draft/player/_/id/101749,35.0,99.0,3.0,False,Compensatory,Denver Broncos,DEN,https://a.espncdn.com/i/teamlogos/nfl/500/scoreboard/den.png,b9fd28fe3d0c36ba622e05dba4f96f42,190.0,73.0,15.0,122.0,68.0,https://a.espncdn.com/i/headshots/nfldraft/players/full/101749.png,2018,Boston College,CB,72.88,190,,4.52,8.0,34.5,120.0,4.18,6.85,8243,3122797,Boston College,109.0,27.25,53.0,12.0,75.0,18.75,36.0,7.0,34.0,8.5,17.0,3.0,17.0,4.25,10.0,0.0,0.0,0.0,0.0,0.0,1.0,0.25,1.0,0.0,3.0,0.75,2.0,0.0,30.0,7.5,30.0,0.0,0.0,0.0,0.0,0.0
28,2018,101851,Troy Apke,Safety,S,Penn State,Nittany Lions,PSU,http://insider.espn.com/nfl/draft/player/_/id/101851,9.0,109.0,4.0,True,From DEN thru SF,Washington Redskins,WSH,https://a.espncdn.com/i/teamlogos/nfl/500/scoreboard/wsh.png,1e910c1dabb591a27d651fcb2a1a67bb,200.0,73.0,9.0,118.0,68.0,https://a.espncdn.com/i/headshots/nfldraft/players/full/101851.png,2018,Penn State,SS,73.25,198,,4.34,16.0,41.0,131.0,4.03,6.56,8642,3116152,Penn State,109.0,27.25,54.0,1.0,63.0,15.75,37.0,1.0,46.0,11.5,17.0,0.0,5.0,1.25,5.0,0.0,0.0,0.0,0.0,0.0,1.0,0.25,1.0,0.0,2.0,0.5,1.0,0.0,11.0,2.75,10.0,0.0,0.0,0.0,0.0,0.0
29,2018,101681,Jordan Whitehead,Safety,S,Pittsburgh,Panthers,PITT,http://insider.espn.com/nfl/draft/player/_/id/101681,17.0,117.0,4.0,True,From NE thru DET,Tampa Bay Buccaneers,TB,https://a.espncdn.com/i/teamlogos/nfl/500/scoreboard/tb.png,3580653ef49c7225b5795ced3ee5576d,198.0,70.0,21.0,227.0,47.0,https://a.espncdn.com/i/headshots/nfldraft/players/full/101681.png,2018,Pittsburgh,FS,70.38,195,,4.59,21.0,34.0,123.0,4.31,7.16,8933,3895798,Pittsburgh,233.0,77.66666666666667,108.0,60.0,161.0,53.66666666666666,74.0,41.0,72.0,24.0,34.0,19.0,6.0,2.0,4.0,0.0,0.5,0.1666666666666666,0.5,0.0,2.0,0.6666666666666666,1.0,0.0,3.0,1.0,1.0,1.0,59.0,19.666666666666668,59.0,0.0,1.0,0.3333333333333333,1.0,0.0
30,2018,101678,Kyzir White,Safety,S,West Virginia,Mountaineers,WVU,http://insider.espn.com/nfl/draft/player/_/id/101678,19.0,119.0,4.0,False,,Los Angeles Chargers,LAC,https://a.espncdn.com/i/teamlogos/nfl/500/scoreboard/lac.png,e09c0e821906b4d344590a73c3f4bdff,218.0,74.0,8.0,116.0,68.0,https://a.espncdn.com/i/headshots/nfldraft/players/full/101678.png,2018,West Virginia,SS,73.88,216,,4.69,21.0,35.5,113.0,4.26,6.96,9021,4039254,West Virginia,152.0,76.0,94.0,58.0,114.0,57.0,66.0,48.0,38.0,19.0,28.0,10.0,9.0,4.5,5.0,4.0,4.0,2.0,3.0,1.0,4.0,2.0,2.0,2.0,3.0,1.5,3.0,0.0,2.0,1.0,2.0,0.0,0.0,0.0,0.0,0.0
31,2018,101714,Taron Johnson,Cornerback,CB,Weber State,Wildcats,WEB,http://insider.espn.com/nfl/draft/player/_/id/101714,21.0,121.0,4.0,False,,Buffalo Bills,BUF,https://a.espncdn.com/i/teamlogos/nfl/500/scoreboard/buf.png,f128b03058197afcfc498b0985108b9f,192.0,71.0,19.0,143.0,63.0,https://a.espncdn.com/i/headshots/nfldraft/players/full/101714.png,2018,Weber State (UT),CB,71.13,180,,4.5,17.0,33.0,118.0,4.28,7.03,9103,3121003,Weber State,9.0,2.25,7.0,0.0,6.0,1.5,6.0,0.0,3.0,0.75,2.0,0.0,3.0,0.75,2.0,0.0,1.0,0.25,1.0,0.0,0.0,0.0,0.0,0.0,6.0,1.5,3.0,0.0,59.0,14.75,59.0,0.0,0.0,0.0,0.0,0.0
32,2018,101671,Armani Watts,Safety,S,Texas A&M,Aggies,TA&M,http://insider.espn.com/nfl/draft/player/_/id/101671,24.0,124.0,4.0,True,From LAR,Kansas City Chiefs,KC,https://a.espncdn.com/i/teamlogos/nfl/500/scoreboard/kc.png,389af3d968b02904b0e7da8883789be6,202.0,71.0,13.0,154.0,61.0,https://a.espncdn.com/i/headshots/nfldraft/players/full/101671.png,2018,Texas A&M,FS,70.5,205,,4.64,13.0,35.0,120.0,4.37,7.25,9193,3122136,Texas A&M,327.0,81.75,126.0,56.0,215.0,53.75,83.0,36.0,112.0,28.0,43.0,20.0,8.0,2.0,5.0,0.0,1.5,0.375,1.0,0.0,6.0,1.5,3.0,0.0,10.0,2.5,4.0,1.0,61.0,15.25,36.0,0.0,0.0,0.0,0.0,0.0
33,2018,101865,Avonte Maddox,Cornerback,CB,Pittsburgh,Panthers,PITT,http://insider.espn.com/nfl/draft/player/_/id/101865,25.0,125.0,4.0,True,From BAL thru TEN,Philadelphia Eagles,PHI,https://a.espncdn.com/i/teamlogos/nfl/500/scoreboard/phi.png,c5fd8166b8940c2d88c8c82680c4f29b,184.0,69.0,16.0,131.0,66.0,https://a.espncdn.com/i/headshots/nfldraft/players/full/101865.png,2018,Pittsburgh,CB,69.13,180,,4.39,13.0,37.0,125.0,4.0,6.51,9229,3123938,Pittsburgh,183.0,45.75,75.0,27.0,137.0,34.25,52.0,20.0,46.0,11.5,23.0,6.0,19.0,4.75,11.0,0.0,7.0,1.75,4.0,0.0,3.0,0.75,3.0,0.0,8.0,2.0,3.0,0.0,66.0,16.5,33.0,0.0,2.0,0.5,1.0,0.0
34,2018,101756,D.J. Reed,Cornerback,CB,Kansas State,Wildcats,KSU,http://insider.espn.com/nfl/draft/player/_/id/101756,5.0,142.0,5.0,True,From WAS thru DEN,San Francisco 49ers,SF,https://a.espncdn.com/i/teamlogos/nfl/500/scoreboard/sf.png,9d4fc11f597a9b5bd0954d91e1aae783,186.0,69.0,22.0,155.0,60.0,,2018,Kansas State,CB,69.13,188,,4.51,11.0,36.5,124.0,4.06,6.82,9914,3139387,Kansas State,122.0,61.0,75.0,47.0,103.0,51.5,62.0,41.0,19.0,9.5,13.0,6.0,25.0,12.5,16.0,9.0,0.0,0.0,0.0,0.0,2.0,1.0,2.0,0.0,7.0,3.5,4.0,3.0,67.0,33.5,35.0,32.0,1.0,0.5,1.0,0.0
35,2018,101683,Marcus Allen,Safety,S,Penn State,Nittany Lions,PSU,http://insider.espn.com/nfl/draft/player/_/id/101683,11.0,148.0,5.0,True,From SF,Pittsburgh Steelers,PIT,https://a.espncdn.com/i/teamlogos/nfl/500/scoreboard/pit.png,e52a2f676a722439bb58f796b51c461d,215.0,74.0,7.0,113.0,69.0,https://a.espncdn.com/i/headshots/nfldraft/players/full/101683.png,2018,Penn State,FS,74.13,202,,4.63,15.0,37.0,127.0,4.32,7.13,10067,3116149,Penn State,320.0,80.0,110.0,58.0,181.0,45.25,57.0,35.0,139.0,34.75,53.0,23.0,5.0,1.25,3.0,0.0,3.0,0.75,1.0,0.0,4.0,1.0,2.0,0.0,1.0,0.25,1.0,0.0,50.0,12.5,50.0,0.0,0.0,0.0,0.0,0.0
36,2018,101871,Dane Cruikshank,Cornerback,CB,Arizona,Wildcats,ARIZ,http://insider.espn.com/nfl/draft/player/_/id/101871,15.0,152.0,5.0,True,From BAL thru OAK and ARI,Tennessee Titans,TEN,https://a.espncdn.com/i/teamlogos/nfl/500/scoreboard/ten.png,ba8d54f7aabf4a78cd60fcd2d848f7e9,209.0,73.0,36.0,246.0,44.0,,2018,Arizona,SS,73.25,206,,4.41,25.0,38.5,121.0,4.24,6.89,10192,3931422,Arizona,135.0,67.5,75.0,60.0,108.0,54.0,55.0,53.0,27.0,13.5,20.0,7.0,5.0,2.5,5.0,0.0,1.5,0.75,1.5,0.0,1.0,0.5,1.0,0.0,5.0,2.5,3.0,2.0,68.0,34.0,65.0,3.0,0.0,0.0,0.0,0.0
37,2018,101748,Kamrin Moore,Cornerback,CB,Boston College,Eagles,BC,http://insider.espn.com/nfl/draft/player/_/id/101748,15.0,189.0,6.0,True,From ARI,New Orleans Saints,NO,https://a.espncdn.com/i/teamlogos/nfl/500/scoreboard/no.png,221ea4ad93df2158f81f20ec542c8f8f,202.0,71.0,30.0,207.0,51.0,https://a.espncdn.com/i/headshots/nfldraft/players/full/101748.png,2018,Boston College,CB,70.5,200,,4.55,,35.5,122.0,4.43,,11245,3122800,Boston College,140.0,35.0,50.0,22.0,98.0,24.5,33.0,15.0,42.0,10.5,21.0,4.0,14.0,3.5,9.0,0.0,0.0,0.0,0.0,0.0,0.0,0.0,0.0,0.0,2.0,0.5,2.0,0.0,-1.0,-0.25,0.0,-1.0,0.0,0.0,0.0,0.0
38,2018,101870,Greg Stroman,Cornerback,CB,Virginia Tech,Hokies,VT,http://insider.espn.com/nfl/draft/player/_/id/101870,23.0,241.0,7.0,True,From LAR,Washington Redskins,WSH,https://a.espncdn.com/i/teamlogos/nfl/500/scoreboard/wsh.png,fdb1f27124fa4178b81df2a082871f6e,182.0,71.0,49.0,,30.0,,2018,Virginia Tech,CB,71.13,182,,4.48,16.0,33.5,113.0,4.45,7.02,12493,3124086,Virginia Tech,61.0,15.25,24.0,3.0,39.0,9.75,16.0,2.0,22.0,5.5,8.0,1.0,21.0,5.25,11.0,0.0,0.0,0.0,0.0,0.0,0.0,0.0,0.0,0.0,9.0,2.25,4.0,0.0,45.0,11.25,47.0,-2.0,1.0,0.25,1.0,0.0
39,2018,102614,Keion Crossen,Cornerback,CB,Western Carolina,Catamounts,WCU,http://insider.espn.com/nfl/draft/player/_/id/102614,25.0,243.0,7.0,True,From KC thru TEN,New England Patriots,NE,https://a.espncdn.com/i/teamlogos/nfl/500/scoreboard/ne.png,4f288dc968cea9a03bbca4a2b9bf5465,178.0,69.0,45.0,,30.0,,2018,Western Carolina,CB,69.13,178,,4.33,13.0,39.5,131.0,4.01,6.67,12647,3117135,Western Carolina,31.0,10.333333333333334,20.0,0.0,25.0,8.333333333333334,16.0,0.0,6.0,2.0,4.0,0.0,4.0,1.3333333333333333,4.0,0.0,1.0,0.3333333333333333,1.0,0.0,1.0,0.3333333333333333,1.0,0.0,3.0,1.0,2.0,0.0,80.0,26.666666666666668,65.0,0.0,0.0,0.0,0.0,0.0
40,2018,101778,Holton Hill,Cornerback,CB,Texas,Longhorns,TEX,http://insider.espn.com/nfl/draft/player/_/id/101778,,,,,,,,,eeea5a63b719e8af2535ef112208c3b2,196.0,73.625,8.0,74.0,76.0,https://a.espncdn.com/i/headshots/nfldraft/players/full/101778.png,2018,Texas,CB,73.63,200,,4.49,14.0,31.0,120.0,4.15,6.83,12811,3929847,Texas,122.0,40.66666666666666,51.0,22.0,92.0,30.666666666666668,39.0,16.0,30.0,10.0,12.0,6.0,6.0,2.0,6.0,0.0,0.0,0.0,0.0,0.0,1.0,0.3333333333333333,1.0,0.0,3.0,1.0,2.0,0.0,117.0,39.0,76.0,0.0,3.0,1.0,2.0,0.0
41,2018,101668,Kevin Toliver,Cornerback,CB,LSU,Tigers,LSU,http://insider.espn.com/nfl/draft/player/_/id/101668,,,,,,,,,e617f244aa90444edfbcfb678d903587,192.0,74.0,17.0,135.0,65.0,https://a.espncdn.com/i/headshots/nfldraft/players/full/101668.png,2018,Louisiana State,CB,74.0,192,,,10.0,33.0,120.0,,,12975,3843234,LSU,82.0,27.33333333333333,35.0,20.0,49.0,16.333333333333332,24.0,11.0,33.0,11.0,13.0,9.0,11.0,3.6666666666666665,10.0,0.0,1.0,0.3333333333333333,1.0,0.0,1.0,0.3333333333333333,1.0,0.0,2.0,0.6666666666666666,1.0,0.0,0.0,0.0,0.0,0.0,0.0,0.0,0.0,0.0
42,2018,101758,J.C. Jackson,Cornerback,CB,Maryland,Terrapins,MD,http://insider.espn.com/nfl/draft/player/_/id/101758,,,,,,,,,bbf508af1343bb7c77d674675d4a7610,201.0,69.75,18.0,140.0,64.0,https://a.espncdn.com/i/headshots/nfldraft/players/full/101758.png,2018,Maryland,CB,69.75,193,,4.46,14.0,35.5,120.0,4.28,6.92,13002,3121649,Maryland,80.0,40.0,40.0,40.0,62.0,31.0,33.0,29.0,18.0,9.0,11.0,7.0,13.0,6.5,7.0,6.0,0.0,0.0,0.0,0.0,1.0,0.5,1.0,0.0,4.0,2.0,3.0,1.0,10.0,5.0,10.0,0.0,0.0,0.0,0.0,0.0
43,2018,101685,Danny Johnson,Cornerback,CB,Southern,Jaguars,SOU,http://insider.espn.com/nfl/draft/player/_/id/101685,,,,,,,,,568c42ec9555b38819d263b7fb5ab206,181.0,69.25,24.0,175.0,58.0,https://a.espncdn.com/i/headshots/nfldraft/players/full/101685.png,2018,Southern (LA),CB,69.25,185,,4.44,15.0,35.0,123.0,4.3,7.23,13220,3141066,Southern,21.0,5.25,13.0,0.0,16.0,4.0,9.0,0.0,5.0,1.25,4.0,0.0,0.0,0.0,0.0,0.0,0.0,0.0,0.0,0.0,1.0,0.25,1.0,0.0,15.0,3.75,7.0,2.0,292.0,73.0,118.0,0.0,3.0,0.75,2.0,0.0
44,2018,101771,Kameron Kelly,Safety,S,San Diego State,Aztecs,SDSU,http://insider.espn.com/nfl/draft/player/_/id/101771,,,,,,,,,bdf1224d060a02a80249c31ce5970dcd,204.0,73.625,15.0,176.0,58.0,https://a.espncdn.com/i/headshots/nfldraft/players/full/101771.png,2018,San Diego State,FS,73.63,200,,4.66,9.0,33.0,120.0,4.28,6.94,13319,3139926,San Diego State,164.0,41.0,67.0,1.0,110.0,27.5,54.0,0.0,54.0,13.5,21.0,1.0,12.0,3.0,7.0,0.0,2.0,0.5,2.0,0.0,2.0,0.5,2.0,0.0,10.0,2.5,5.0,0.0,122.0,30.5,47.0,0.0,0.0,0.0,0.0,0.0
45,2018,101687,Chandon Sullivan,Cornerback,CB,Georgia State,Panthers,GAST,http://insider.espn.com/nfl/draft/player/_/id/101687,,,,,,,,,c0c4a968523c8c2e3ceedb3802ea2bca,194.0,70.75,27.0,193.0,54.0,https://a.espncdn.com/i/headshots/nfldraft/players/full/101687.png,2018,Georgia State,CB,70.75,194,,4.6,15.0,40.5,134.0,4.36,,13373,3124849,Georgia State,181.0,45.25,50.0,42.0,146.0,36.5,42.0,30.0,35.0,8.75,12.0,5.0,5.0,1.25,5.0,0.0,2.0,0.5,2.0,0.0,1.0,0.25,1.0,0.0,7.0,1.75,3.0,1.0,25.0,6.25,25.0,0.0,1.0,0.25,1.0,0.0
46,2018,101869,Grant Haley,Cornerback,CB,Penn State,Nittany Lions,PSU,http://insider.espn.com/nfl/draft/player/_/id/101869,,,,,,,,,fabcded07d7252c9a9938ba6fc38c4f8,190.0,69.25,29.0,201.0,52.0,,2018,Penn State,CB,69.25,190,,4.44,15.0,34.0,119.0,3.94,6.51,13583,3116166,Penn State,138.0,34.5,42.0,18.0,89.0,22.25,27.0,12.0,49.0,12.25,16.0,6.0,10.0,2.5,7.0,0.0,2.0,0.5,2.0,0.0,1.0,0.25,1.0,0.0,5.0,1.25,2.0,0.0,76.0,19.0,46.0,0.0,1.0,0.25,1.0,0.0
47,2018,101909,Stephen Roberts,Safety,S,Auburn,Tigers,AUB,http://insider.espn.com/nfl/draft/player/_/id/101909,,,,,,,,,b7252bbc5ff7cfb53eb6f7c2cb13e789,186.0,71.25,17.0,203.0,52.0,,2018,Auburn,FS,71.25,189,,4.53,,34.0,121.0,4.31,7.25,13642,3121589,Auburn,137.0,34.25,57.0,3.0,81.0,20.25,33.0,2.0,56.0,14.0,24.0,1.0,9.0,2.25,7.0,0.0,0.0,0.0,0.0,0.0,2.0,0.5,1.0,0.0,2.0,0.5,2.0,0.0,0.0,0.0,0.0,0.0,0.0,0.0,0.0,0.0
48,2018,101684,Quin Blanding,Safety,S,Virginia,Cavaliers,UVA,http://insider.espn.com/nfl/draft/player/_/id/101684,,,,,,,,,e538a5ef9004e05b8ffc2451a34c8386,207.0,74.0,18.0,208.0,51.0,https://a.espncdn.com/i/headshots/nfldraft/players/full/101684.png,2018,Virginia,FS,74.0,215,,4.63,,31.5,122.0,,,13757,3124020,Virginia,493.0,123.25,137.0,115.0,260.0,65.0,70.0,60.0,233.0,58.25,75.0,47.0,2.0,0.5,2.0,0.0,1.0,0.25,1.0,0.0,1.0,0.25,1.0,0.0,10.0,2.5,4.0,1.0,108.0,27.0,72.0,0.0,1.0,0.25,1.0,0.0
49,2018,101705,Quenton Meeks,Cornerback,CB,Stanford,Cardinal,STAN,http://insider.espn.com/nfl/draft/player/_/id/101705,,,,,,,,,a56c383ad7ca1a20e1d8f8a044f01aa7,209.0,73.0,31.0,213.0,50.0,https://a.espncdn.com/i/headshots/nfldraft/players/full/101705.png,2018,Stanford,CB,73.0,209,,4.54,11.0,39.0,128.0,4.23,6.72,13802,3931400,Stanford,115.0,38.333333333333336,61.0,19.0,76.0,25.33333333333333,38.0,14.0,39.0,13.0,23.0,5.0,13.0,4.333333333333333,7.0,0.0,0.0,0.0,0.0,0.0,0.0,0.0,0.0,0.0,7.0,2.333333333333333,3.0,2.0,144.0,48.0,83.0,11.0,2.0,0.6666666666666666,1.0,0.0
50,2018,101856,Damon Webb,Safety,S,Ohio State,Buckeyes,OSU,http://insider.espn.com/nfl/draft/player/_/id/101856,,,,,,,,,798b90046760d384563ce8c3f23c319e,209.0,70.75,23.0,241.0,44.0,https://a.espncdn.com/i/headshots/nfldraft/players/full/101856.png,2018,Ohio State,SS,70.75,195,,4.62,17.0,,,,,13937,3121433,Ohio State,131.0,32.75,61.0,3.0,82.0,20.5,44.0,3.0,49.0,12.25,25.0,0.0,6.0,1.5,3.0,0.0,0.0,0.0,0.0,0.0,1.0,0.25,1.0,0.0,6.0,1.5,5.0,0.0,110.0,27.5,74.0,0.0,2.0,0.5,1.0,0.0
51,2018,101686,Sean Chandler,Safety,S,Temple,Owls,TEM,http://insider.espn.com/nfl/draft/player/_/id/101686,,,,,,,,,0a87ace2d0985098a48777e7408ad376,205.0,70.5,24.0,269.0,39.0,https://a.espncdn.com/i/headshots/nfldraft/players/full/101686.png,2018,Temple,FS,70.5,190,,4.65,16.0,34.5,119.0,4.62,7.19,14461,3138733,Temple,265.0,66.25,79.0,51.0,183.0,45.75,56.0,30.0,82.0,20.5,23.0,17.0,4.0,1.0,4.0,0.0,3.0,0.75,1.0,0.0,3.0,0.75,1.0,0.0,10.0,2.5,4.0,1.0,155.0,38.75,92.0,0.0,2.0,0.5,2.0,0.0
52,2019,103518,Deandre Baker,Cornerback,CB,Georgia,Bulldogs,UGA,http://insider.espn.com/nfl/draft/player/_/id/103518,30.0,30.0,1.0,True,From SEA via GB and NO,New York Giants,NYG,https://a.espncdn.com/i/teamlogos/nfl/500/scoreboard/nyg.png,4261f8355771d7d7365b3f40d26d3809,193.0,71.0,4.0,36.0,87.0,https://a.espncdn.com/i/headshots/nfldraft/players/full/103518.png,2019,Georgia,CB,71.13,193,,4.52,14.0,31.5,118.0,4.27,6.95,16635,3915163,Georgia,116.0,29.0,44.0,1.0,83.0,20.75,31.0,1.0,33.0,8.25,14.0,0.0,23.0,5.75,9.0,0.0,1.0,0.25,1.0,0.0,2.0,0.5,1.0,0.0,7.0,1.75,3.0,0.0,145.0,36.25,81.0,0.0,0.0,0.0,0.0,0.0
53,2019,103578,Byron Murphy,Cornerback,CB,Washington,Huskies,WASH,http://insider.espn.com/nfl/draft/player/_/id/103578,1.0,33.0,2.0,False,,Arizona Cardinals,ARI,https://a.espncdn.com/i/teamlogos/nfl/500/scoreboard/ari.png,9093fe3cade05b13eb930b4edbabd049,190.0,71.0,1.0,27.0,88.0,https://a.espncdn.com/i/headshots/nfldraft/players/full/103578.png,2019,Washington,CB,71.13,190,,4.55,14.0,36.5,120.0,4.13,6.83,16803,4038999,Washington,74.0,37.0,58.0,16.0,50.0,25.0,37.0,13.0,24.0,12.0,21.0,3.0,20.0,10.0,13.0,7.0,1.0,0.5,1.0,0.0,2.0,1.0,1.0,1.0,7.0,3.5,4.0,3.0,95.0,47.5,78.0,17.0,1.0,0.5,1.0,0.0
54,2019,103745,Rock Ya-Sin,Cornerback,CB,Temple,Owls,TEM,http://insider.espn.com/nfl/draft/player/_/id/103745,2.0,34.0,2.0,True,From NYJ,Indianapolis Colts,IND,https://a.espncdn.com/i/teamlogos/nfl/500/scoreboard/ind.png,eed68b148f0de66ce0b123caf24c7cf9,192.0,72.0,3.0,31.0,88.0,https://a.espncdn.com/i/headshots/nfldraft/players/full/103745.png,2019,Temple,CB,71.75,192,,4.51,18.0,39.5,120.0,4.31,7.31,16830,3910229,Temple,62.0,20.666666666666668,47.0,6.0,49.0,16.333333333333332,36.0,6.0,13.0,4.333333333333333,11.0,0.0,15.0,5.0,12.0,0.0,0.0,0.0,0.0,0.0,0.0,0.0,0.0,0.0,7.0,2.333333333333333,5.0,0.0,44.0,14.666666666666666,45.0,-1.0,0.0,0.0,0.0,0.0
55,2019,103891,Sean Bunting,Cornerback,CB,Central Michigan,Chippewas,CMU,http://insider.espn.com/nfl/draft/player/_/id/103891,7.0,39.0,2.0,False,,Tampa Bay Buccaneers,TB,https://a.espncdn.com/i/teamlogos/nfl/500/scoreboard/tb.png,36f038b6126c3fafb8480ab53c73d4e4,195.0,72.0,10.0,62.0,79.0,https://a.espncdn.com/i/headshots/nfldraft/players/full/103891.png,2019,Central Michigan,CB,72.38,195,,4.42,14.0,41.5,126.0,4.2,6.89,17020,3932886,Central Michigan,104.0,34.666666666666664,49.0,18.0,72.0,24.0,34.0,12.0,32.0,10.666666666666666,15.0,6.0,15.0,5.0,5.0,5.0,0.0,0.0,0.0,0.0,4.0,1.3333333333333333,2.0,0.0,9.0,3.0,5.0,2.0,35.0,11.666666666666666,19.0,0.0,0.0,0.0,0.0,0.0
56,2019,103840,Trayvon Mullen,Cornerback,CB,Clemson,Tigers,CLEM,http://insider.espn.com/nfl/draft/player/_/id/103840,8.0,40.0,2.0,True,From BUF,Oakland Raiders,OAK,https://a.espncdn.com/i/teamlogos/nfl/500/scoreboard/oak.png,546595a0e758b4067532183b2dc653ad,199.0,74.0,11.0,75.0,76.0,https://a.espncdn.com/i/headshots/nfldraft/players/full/103840.png,2019,Clemson,CB,73.5,199,,4.46,,34.5,123.0,,,17065,4035458,Clemson,92.0,30.666666666666668,40.0,16.0,67.0,22.33333333333333,30.0,7.0,25.0,8.333333333333334,10.0,6.0,7.0,2.333333333333333,3.0,1.0,2.0,0.6666666666666666,2.0,0.0,1.0,0.3333333333333333,1.0,0.0,4.0,1.3333333333333333,3.0,0.0,46.0,15.333333333333334,46.0,0.0,0.0,0.0,0.0,0.0
57,2019,103506,Greedy Williams,Cornerback,CB,LSU,Tigers,LSU,http://insider.espn.com/nfl/draft/player/_/id/103506,14.0,46.0,2.0,True,From IND via WSH,Cleveland Browns,CLE,https://a.espncdn.com/i/teamlogos/nfl/500/scoreboard/cle.png,283f392458184302d1732134f27c675e,185.0,74.0,2.0,29.0,88.0,https://a.espncdn.com/i/headshots/nfldraft/players/full/103506.png,2019,Louisiana State,CB,73.63,182,,4.37,8.0,36.0,124.0,,,17287,4035437,LSU,71.0,35.5,38.0,33.0,49.0,24.5,26.0,23.0,22.0,11.0,12.0,10.0,20.0,10.0,11.0,9.0,0.0,0.0,0.0,0.0,0.0,0.0,0.0,0.0,8.0,4.0,6.0,2.0,52.0,26.0,32.0,20.0,0.0,0.0,0.0,0.0
58,2019,103842,David Long,Cornerback,CB,Michigan,Wolverines,MICH,http://insider.espn.com/nfl/draft/player/_/id/103842,15.0,79.0,3.0,True,From ATL,Los Angeles Rams,LAR,https://a.espncdn.com/i/teamlogos/nfl/500/scoreboard/lar.png,a5b910a55df9d6dcd025a334db7e086d,196.0,71.0,9.0,58.0,81.0,https://a.espncdn.com/i/headshots/nfldraft/players/full/103842.png,2019,Michigan,CB,70.63,196,,4.45,15.0,39.5,120.0,3.97,6.45,19007,4046536,Michigan,37.0,18.5,20.0,17.0,21.0,10.5,11.0,10.0,16.0,8.0,9.0,7.0,11.0,5.5,6.0,5.0,0.5,0.25,0.5,0.0,0.0,0.0,0.0,0.0,3.0,1.5,2.0,1.0,120.0,60.0,105.0,15.0,0.0,0.0,0.0,0.0
59,2019,103847,Justin Layne,Cornerback,CB,Michigan State,Spartans,MSU,http://insider.espn.com/nfl/draft/player/_/id/103847,19.0,83.0,3.0,False,,Pittsburgh Steelers,PIT,https://a.espncdn.com/i/teamlogos/nfl/500/scoreboard/pit.png,8e993f39d9d965a9ad3cd271bf58279e,192.0,74.0,6.0,53.0,83.0,https://a.espncdn.com/i/headshots/nfldraft/players/full/103847.png,2019,Michigan State,CB,73.75,192,,4.5,,37.5,134.0,4.09,6.9,19124,4046719,Michigan State,130.0,43.333333333333336,72.0,18.0,79.0,26.33333333333333,44.0,11.0,51.0,17.0,28.0,7.0,23.0,7.666666666666667,15.0,0.0,0.5,0.1666666666666666,0.5,0.0,1.0,0.3333333333333333,1.0,0.0,3.0,1.0,1.0,1.0,49.0,16.333333333333332,43.0,0.0,1.0,0.3333333333333333,1.0,0.0
60,2019,103733,Jamel Dean,Cornerback,CB,Auburn,Tigers,AUB,http://insider.espn.com/nfl/draft/player/_/id/103733,30.0,94.0,3.0,True,From LAR,Tampa Bay Buccaneers,TB,https://a.espncdn.com/i/teamlogos/nfl/500/scoreboard/tb.png,537896f1aa7fdc2b5a56b9bdae0e9c06,206.0,73.0,16.0,126.0,68.0,https://a.espncdn.com/i/headshots/nfldraft/players/full/103733.png,2019,Auburn,CB,73.0,206,,4.3,16.0,41.0,130.0,4.19,7.02,19596,3873935,Auburn,71.0,35.5,43.0,28.0,45.0,22.5,23.0,22.0,26.0,13.0,20.0,6.0,17.0,8.5,9.0,8.0,1.0,0.5,1.0,0.0,0.0,0.0,0.0,0.0,2.0,1.0,2.0,0.0,0.0,0.0,0.0,0.0,0.0,0.0,0.0,0.0
61,2019,103540,Julian Love,Cornerback,CB,Notre Dame,Fighting Irish,ND,http://insider.espn.com/nfl/draft/player/_/id/103540,6.0,108.0,4.0,False,,New York Giants,NYG,https://a.espncdn.com/i/teamlogos/nfl/500/scoreboard/nyg.png,c91f9d4e99dda49826daa7afed8affd1,195.0,71.0,7.0,54.0,82.0,https://a.espncdn.com/i/headshots/nfldraft/players/full/103540.png,2019,Notre Dame,CB,70.75,195,,4.54,14.0,36.0,121.0,4.1,6.72,20056,4046675,Notre Dame,172.0,57.333333333333336,64.0,45.0,123.0,41.0,49.0,32.0,49.0,16.333333333333332,22.0,13.0,34.0,11.333333333333334,18.0,0.0,0.0,0.0,0.0,0.0,1.0,0.3333333333333333,1.0,0.0,5.0,1.6666666666666667,3.0,1.0,159.0,53.0,153.0,2.0,2.0,0.6666666666666666,2.0,0.0
62,2019,103898,Kendall Sheffield,Cornerback,CB,Ohio State,Buckeyes,OSU,http://insider.espn.com/nfl/draft/player/_/id/103898,9.0,111.0,4.0,True,From DET,Atlanta Falcons,ATL,https://a.espncdn.com/i/teamlogos/nfl/500/scoreboard/atl.png,fdea374e189e6f448fbad0d04deb867d,193.0,71.0,14.0,99.0,72.0,,2019,Ohio State,CB,71.75,193,,,,39.0,128.0,4.06,6.69,20168,3925358,Ohio State,75.0,37.5,40.0,35.0,58.0,29.0,31.0,27.0,17.0,8.5,9.0,8.0,17.0,8.5,9.0,8.0,0.0,0.0,0.0,0.0,2.0,1.0,1.0,1.0,2.0,1.0,2.0,0.0,0.0,0.0,0.0,0.0,0.0,0.0,0.0,0.0
63,2019,103667,Iman Marshall,Cornerback,CB,USC,Trojans,USC,http://insider.espn.com/nfl/draft/player/_/id/103667,25.0,127.0,4.0,True,From PHI,Baltimore Ravens,BAL,https://a.espncdn.com/i/teamlogos/nfl/500/scoreboard/bal.png,288d892d84ae55c5f0662b56d826d450,207.0,73.0,24.0,199.0,55.0,https://a.espncdn.com/i/headshots/nfldraft/players/full/103667.png,2019,Southern California,CB,72.63,207,,4.53,16.0,32.5,117.0,4.39,7.09,20928,3912545,USC,216.0,54.0,67.0,48.0,146.0,36.5,39.0,33.0,70.0,17.5,28.0,11.0,27.0,6.75,10.0,0.0,0.0,0.0,0.0,0.0,1.0,0.25,1.0,0.0,6.0,1.5,3.0,0.0,27.0,6.75,15.0,0.0,0.0,0.0,0.0,0.0
64,2019,103620,Isaiah Johnson,Cornerback,CB,Houston,Cougars,HOU,http://insider.espn.com/nfl/draft/player/_/id/103620,27.0,129.0,4.0,True,From IND,Oakland Raiders,OAK,https://a.espncdn.com/i/teamlogos/nfl/500/scoreboard/oak.png,b62e33622b9599250f9cffe3501667b6,208.0,74.0,17.0,153.0,62.0,https://a.espncdn.com/i/headshots/nfldraft/players/full/103620.png,2015,Georgia Tech,SS,73.0,213,,4.56,14.0,34.0,124.0,4.13,6.98,21075,3126182,Houston,115.0,38.333333333333336,66.0,4.0,88.0,29.33333333333333,50.0,4.0,27.0,9.0,16.0,0.0,14.0,4.666666666666667,7.0,0.0,0.0,0.0,0.0,0.0,0.0,0.0,0.0,0.0,4.0,1.3333333333333333,2.0,0.0,94.0,31.33333333333333,49.0,0.0,0.0,0.0,0.0,0.0
65,2019,103620,Isaiah Johnson,Cornerback,CB,Houston,Cougars,HOU,http://insider.espn.com/nfl/draft/player/_/id/103620,27.0,129.0,4.0,True,From IND,Oakland Raiders,OAK,https://a.espncdn.com/i/teamlogos/nfl/500/scoreboard/oak.png,b62e33622b9599250f9cffe3501667b6,208.0,74.0,17.0,153.0,62.0,https://a.espncdn.com/i/headshots/nfldraft/players/full/103620.png,2019,Houston,CB,73.88,208,,4.4,9.0,36.5,133.0,4.06,6.81,21075,3126182,Houston,115.0,38.333333333333336,66.0,4.0,88.0,29.33333333333333,50.0,4.0,27.0,9.0,16.0,0.0,14.0,4.666666666666667,7.0,0.0,0.0,0.0,0.0,0.0,0.0,0.0,0.0,0.0,4.0,1.3333333333333333,2.0,0.0,94.0,31.33333333333333,49.0,0.0,0.0,0.0,0.0,0.0
66,2019,103999,Ugochukwu Amadi,Safety,S,Oregon,Ducks,ORE,http://insider.espn.com/nfl/draft/player/_/id/103999,30.0,132.0,4.0,True,From NYG via NO,Seattle Seahawks,SEA,https://a.espncdn.com/i/teamlogos/nfl/500/scoreboard/sea.png,02b5d3dcc39a87678cd8758482803a31,199.0,69.0,16.0,166.0,61.0,,2019,Oregon,CB,69.38,199,,4.51,18.0,32.5,115.0,4.19,7.21,21166,3886834,Oregon,164.0,41.0,54.0,25.0,124.0,31.0,42.0,20.0,40.0,10.0,12.0,5.0,16.0,4.0,8.0,0.0,3.0,0.75,1.5,0.0,3.0,0.75,3.0,0.0,8.0,2.0,3.0,0.0,122.0,30.5,70.0,0.0,2.0,0.5,2.0,0.0
67,2019,103601,Amani Oruwariye,Cornerback,CB,Penn State,Nittany Lions,PSU,http://insider.espn.com/nfl/draft/player/_/id/103601,8.0,146.0,5.0,False,,Detroit Lions,DET,https://a.espncdn.com/i/teamlogos/nfl/500/scoreboard/det.png,b5534914b3fe7e134b3fb9cb7947dfe1,205.0,74.0,13.0,90.0,73.0,https://a.espncdn.com/i/headshots/nfldraft/players/full/103601.png,2019,Penn State,CB,73.63,205,,4.47,17.0,36.5,120.0,4.16,6.82,21797,3116175,Penn State,105.0,26.25,50.0,5.0,72.0,18.0,39.0,1.0,33.0,8.25,11.0,4.0,18.0,4.5,11.0,0.0,0.0,0.0,0.0,0.0,1.0,0.25,1.0,0.0,8.0,2.0,4.0,0.0,45.0,11.25,30.0,-2.0,1.0,0.25,1.0,0.0
68,2019,103626,Michael Jackson,Cornerback,CB,Miami,Hurricanes,MIAMI,http://insider.espn.com/nfl/draft/player/_/id/103626,20.0,158.0,5.0,True,"From OAK via BUF, PIT and OAK",Dallas Cowboys,DAL,https://a.espncdn.com/i/teamlogos/nfl/500/scoreboard/dal.png,84d391c451843c6257291f90bf26c8fa,210.0,73.0,27.0,239.0,49.0,https://a.espncdn.com/i/headshots/nfldraft/players/full/103626.png,2019,Miami (FL),CB,72.63,210,,4.45,13.0,40.5,130.0,4.12,7.12,22429,3917853,Miami,97.0,24.25,43.0,5.0,64.0,16.0,34.0,2.0,33.0,8.25,17.0,2.0,12.0,3.0,6.0,0.0,3.5,0.875,2.5,0.0,0.0,0.0,0.0,0.0,4.0,1.0,4.0,0.0,0.0,0.0,0.0,0.0,0.0,0.0,0.0,0.0
69,2019,103612,Jordan Miller,Cornerback,CB,Washington,Huskies,WASH,http://insider.espn.com/nfl/draft/player/_/id/103612,34.0,172.0,5.0,False,Compensatory Selection,Atlanta Falcons,ATL,https://a.espncdn.com/i/teamlogos/nfl/500/scoreboard/atl.png,0813b4047d80865351f047401e5a9f5d,186.0,73.0,18.0,160.0,61.0,https://a.espncdn.com/i/headshots/nfldraft/players/full/103612.png,2019,Washington,CB,72.88,186,,4.49,6.0,37.0,125.0,4.38,7.3,23171,3886824,Washington,61.0,15.25,26.0,5.0,48.0,12.0,20.0,4.0,13.0,3.25,6.0,1.0,12.0,3.0,6.0,0.0,0.0,0.0,0.0,0.0,3.0,0.75,2.0,0.0,6.0,1.5,2.0,1.0,57.0,14.25,55.0,0.0,0.0,0.0,0.0,0.0
70,2019,104048,Marcus Epps,Safety,S,Wyoming,Cowboys,WYO,http://insider.espn.com/nfl/draft/player/_/id/104048,18.0,191.0,6.0,True,From BAL via TEN,Minnesota Vikings,MIN,https://a.espncdn.com/i/teamlogos/nfl/500/scoreboard/min.png,dccf32927aef7c308077269d52ff6ccb,191.0,72.0,,,,,2019,Wyoming,FS,71.75,197,,4.55,17.0,38.5,124.0,4.07,6.77,24068,3139368,Wyoming,324.0,81.0,111.0,62.0,214.0,53.5,72.0,41.0,110.0,27.5,39.0,21.0,18.0,4.5,8.0,0.0,2.0,0.5,1.0,0.0,5.0,1.25,2.0,1.0,9.0,2.25,4.0,0.0,211.0,52.75,94.0,0.0,1.0,0.25,1.0,0.0
71,2019,103592,Blessuan Austin,Cornerback,CB,Rutgers,Scarlet Knights,RUTG,http://insider.espn.com/nfl/draft/player/_/id/103592,23.0,196.0,6.0,True,From CHI via OAK,New York Jets,NYJ,https://a.espncdn.com/i/teamlogos/nfl/500/scoreboard/nyj.png,d47b685000b0ab7abeb35474059f498a,198.0,73.0,21.0,183.0,58.0,https://a.espncdn.com/i/headshots/nfldraft/players/full/103592.png,2019,Rutgers,CB,72.63,198,,4.69,15.0,35.5,123.0,,,24283,3930021,Rutgers,90.0,22.5,43.0,3.0,67.0,16.75,30.0,3.0,23.0,5.75,13.0,0.0,1.0,0.25,1.0,0.0,2.0,0.5,1.0,0.0,1.0,0.25,1.0,0.0,4.0,1.0,1.0,1.0,45.0,11.25,50.0,-5.0,1.0,0.25,1.0,0.0
72,2019,103758,Rashad Fenton,Cornerback,CB,South Carolina,Gamecocks,SC,http://insider.espn.com/nfl/draft/player/_/id/103758,28.0,201.0,6.0,False,,Kansas City Chiefs,KC,https://a.espncdn.com/i/teamlogos/nfl/500/scoreboard/kc.png,3cc4b51f53287dec6b4f2ca5846097ca,193.0,71.0,28.0,252.0,47.0,https://a.espncdn.com/i/headshots/nfldraft/players/full/103758.png,2019,South Carolina,CB,71.0,193,,4.52,12.0,34.0,117.0,4.25,7.06,24514,3924364,South Carolina,121.0,30.25,48.0,2.0,95.0,23.75,42.0,2.0,26.0,6.5,11.0,0.0,19.0,4.75,8.0,0.0,0.5,0.125,0.5,0.0,1.0,0.25,1.0,0.0,5.0,1.25,3.0,0.0,24.0,6.0,16.0,0.0,0.0,0.0,0.0,0.0
73,2019,104051,Duke Shelley,Cornerback,CB,Kansas State,Wildcats,KSU,http://insider.espn.com/nfl/draft/player/_/id/104051,32.0,205.0,6.0,True,Compensatory Selection (From NE),Chicago Bears,CHI,https://a.espncdn.com/i/teamlogos/nfl/500/scoreboard/chi.png,636f0c5bf61f6d745a6b896daf35771e,180.0,69.0,,,,,2019,Kansas State,CB,68.63,173,,4.51,11.0,34.0,114.0,4.23,7.1,24813,3916126,Kansas State,165.0,41.25,56.0,28.0,153.0,38.25,53.0,28.0,12.0,3.0,8.0,0.0,24.0,6.0,11.0,0.0,1.0,0.25,1.0,0.0,1.0,0.25,1.0,0.0,8.0,2.0,3.0,0.0,84.0,21.0,30.0,0.0,2.0,0.5,1.0,0.0
74,2019,103577,Kris Boyd,Cornerback,CB,Texas,Longhorns,TEX,http://insider.espn.com/nfl/draft/player/_/id/103577,3.0,217.0,7.0,True,From NYJ,Minnesota Vikings,MIN,https://a.espncdn.com/i/teamlogos/nfl/500/scoreboard/min.png,b7830ddcd337484c6821b0053a32c848,201.0,72.0,12.0,86.0,73.0,https://a.espncdn.com/i/headshots/nfldraft/players/full/103577.png,2019,Texas,CB,71.5,201,,4.45,19.0,36.5,127.0,4.08,6.94,25393,3929845,Texas,187.0,46.75,67.0,16.0,138.0,34.5,50.0,9.0,49.0,12.25,19.0,6.0,31.0,7.75,16.0,0.0,1.0,0.25,1.0,0.0,4.0,1.0,2.0,0.0,4.0,1.0,2.0,0.0,70.0,17.5,70.0,0.0,0.0,0.0,0.0,0.0
75,2019,103699,Jimmy Moreland,Cornerback,CB,James Madison,Dukes,JMU,http://insider.espn.com/nfl/draft/player/_/id/103699,13.0,227.0,7.0,False,,Washington,WSH,https://a.espncdn.com/i/teamlogos/nfl/500/scoreboard/wsh.png,9f65636c8f4bce3c7901c065d54ef9b9,179.0,70.0,34.0,290.0,40.0,https://a.espncdn.com/i/headshots/nfldraft/players/full/103699.png,2019,James Madison (VA),CB,69.75,179,,4.46,8.0,39.0,120.0,4.26,6.83,25966,3120508,James Madison,25.0,6.25,11.0,0.0,21.0,5.25,10.0,0.0,4.0,1.0,2.0,0.0,3.0,0.75,3.0,0.0,0.0,0.0,0.0,0.0,1.0,0.25,1.0,0.0,18.0,4.5,8.0,2.0,267.0,66.75,217.0,-29.0,6.0,1.5,3.0,0.0
76,2019,104061,Nick Scott,Safety,S,Penn State,Nittany Lions,PSU,http://insider.espn.com/nfl/draft/player/_/id/104061,29.0,243.0,7.0,True,"From NE via KC, SF and CLE",Los Angeles Rams,LAR,https://a.espncdn.com/i/teamlogos/nfl/500/scoreboard/lar.png,570fa8942df17a4029a3880b05911f73,201.0,71.0,,,,,2019,Penn State,FS,70.75,200,,4.45,18.0,41.0,128.0,4.2,7.02,26766,3116179,Penn State,113.0,28.25,65.0,8.0,60.0,15.0,35.0,3.0,53.0,13.25,30.0,3.0,2.0,0.5,1.0,0.0,1.0,0.25,1.0,0.0,0.0,0.0,0.0,0.0,3.0,0.6,3.0,0.0,16.0,4.0,16.0,0.0,0.0,0.0,0.0,0.0
77,2019,103849,Hamp Cheevers,Cornerback,CB,Boston College,Eagles,BC,http://insider.espn.com/nfl/draft/player/_/id/103849,,,,,,,,,12a397c2336a1a4140bd148ca56c2ebb,169.0,69.375,20.0,176.0,59.0,https://a.espncdn.com/i/headshots/nfldraft/players/full/103849.png,2019,Boston College,CB,69.38,169,,4.52,8.0,39.0,122.0,4.25,6.96,27595,4035339,Boston College,57.0,28.5,40.0,17.0,37.0,18.5,28.0,9.0,20.0,10.0,12.0,8.0,9.0,4.5,6.0,3.0,0.0,0.0,0.0,0.0,3.0,1.5,2.0,1.0,9.0,4.5,7.0,2.0,178.0,89.0,135.0,43.0,1.0,0.5,1.0,0.0
78,2019,103923,Derrek Thomas,Cornerback,CB,Baylor,Bears,BAY,http://insider.espn.com/nfl/draft/player/_/id/103923,,,,,,,,,7cbeeac06ee05a320c06dfa9cc1b79bc,189.0,74.875,22.0,189.0,57.0,https://a.espncdn.com/i/headshots/nfldraft/players/full/103923.png,2019,Baylor,CB,75.5,189,,4.43,8.0,39.5,131.0,4.18,7.18,27721,3126238,Baylor,56.0,18.666666666666668,29.0,6.0,44.0,14.666666666666666,22.0,5.0,12.0,4.0,7.0,1.0,19.0,6.333333333333333,7.0,5.0,0.0,0.0,0.0,0.0,0.0,0.0,0.0,0.0,2.0,0.6666666666666666,1.0,0.0,76.0,25.33333333333333,83.0,-7.0,0.0,0.0,0.0,0.0
79,2019,103570,Jamal Peters,Cornerback,CB,Mississippi State,Bulldogs,MSST,http://insider.espn.com/nfl/draft/player/_/id/103570,,,,,,,,,7725097f61378ca5e52a64623f04fc8a,218.0,73.75,25.0,220.0,52.0,https://a.espncdn.com/i/headshots/nfldraft/players/full/103570.png,2019,Mississippi State,CB,73.75,218,,4.63,10.0,28.5,115.0,,,28288,3917279,Mississippi State,99.0,24.75,33.0,18.0,56.0,14.0,24.0,8.0,43.0,10.75,15.0,6.0,8.0,2.0,4.0,0.0,1.0,0.25,1.0,0.0,2.0,0.5,2.0,0.0,3.0,0.75,2.0,0.0,90.0,22.5,90.0,0.0,1.0,0.25,1.0,0.0
80,2019,103582,Blace Brown,Cornerback,CB,Troy,Trojans,TROY,http://insider.espn.com/nfl/draft/player/_/id/103582,,,,,,,,,34cf52a80404fe98ea1bf7f0e85fc1a4,194.0,72.375,26.0,227.0,51.0,https://a.espncdn.com/i/headshots/nfldraft/players/full/103582.png,2019,Troy (AL),CB,72.38,194,,4.75,14.0,37.5,126.0,4.22,7.33,28481,3128652,Troy,111.0,37.0,44.0,33.0,76.0,25.33333333333333,28.0,23.0,35.0,11.666666666666666,19.0,6.0,16.0,5.333333333333333,6.0,4.0,0.5,0.1666666666666666,0.5,0.0,2.0,0.6666666666666666,1.0,0.0,12.0,4.0,6.0,1.0,181.0,60.333333333333336,93.0,0.0,1.0,0.3333333333333333,1.0,0.0
81,2019,103806,Montre Hartage,Cornerback,CB,Northwestern,Wildcats,NW,http://insider.espn.com/nfl/draft/player/_/id/103806,,,,,,,,,2a4aee9718f4e6ebe619fb92c75b6401,190.0,71.375,29.0,266.0,45.0,https://a.espncdn.com/i/headshots/nfldraft/players/full/103806.png,2019,Northwestern,CB,71.38,190,,4.68,9.0,34.5,123.0,4.08,6.95,29452,3915970,Northwestern,172.0,43.0,60.0,4.0,140.0,35.0,49.0,3.0,32.0,8.0,12.0,1.0,29.0,7.25,13.0,0.0,0.0,0.0,0.0,0.0,0.0,0.0,0.0,0.0,10.0,2.5,5.0,0.0,87.0,21.75,70.0,0.0,0.0,0.0,0.0,0.0
82,2019,103781,Davante Davis,Cornerback,CB,Texas,Longhorns,TEX,http://insider.espn.com/nfl/draft/player/_/id/103781,,,,,,,,,b9060714095e11f75f035deac32a7b04,202.0,74.125,30.0,270.0,44.0,https://a.espncdn.com/i/headshots/nfldraft/players/full/103781.png,2019,Texas,CB,74.13,202,,4.57,14.0,37.0,125.0,4.15,6.76,29552,3929849,Texas,118.0,29.5,42.0,15.0,102.0,25.5,36.0,13.0,16.0,4.0,6.0,2.0,11.0,2.75,8.0,0.0,0.0,0.0,0.0,0.0,3.0,0.75,1.0,0.0,4.0,1.0,2.0,0.0,17.0,4.25,14.0,0.0,0.0,0.0,0.0,0.0
83,2019,103632,Mark Fields,Cornerback,CB,Clemson,Tigers,CLEM,http://insider.espn.com/nfl/draft/player/_/id/103632,,,,,,,,,f8fdc28ce78286dd35be5277b4b24d01,192.0,69.875,31.0,275.0,43.0,https://a.espncdn.com/i/headshots/nfldraft/players/full/103632.png,2019,Clemson,CB,69.88,192,,4.37,18.0,31.5,120.0,,,29660,3728261,Clemson,41.0,10.25,15.0,5.0,32.0,8.0,13.0,1.0,9.0,2.25,4.0,1.0,9.0,2.25,5.0,0.0,1.0,0.25,1.0,0.0,0.0,0.0,0.0,0.0,1.0,0.25,1.0,0.0,42.0,10.5,42.0,0.0,1.0,0.25,1.0,0.0
84,2019,103795,Cameron Glenn,Safety,S,Wake Forest,Demon Deacons,WAKE,http://insider.espn.com/nfl/draft/player/_/id/103795,,,,,,,,,62211bde4185ee84f592b9f16a1cf2ec,209.0,71.5,27.0,297.0,39.0,https://a.espncdn.com/i/headshots/nfldraft/players/full/103795.png,2019,Wake Forest,SS,71.5,209,,4.59,15.0,32.0,120.0,4.47,7.01,30328,3124096,Wake Forest,269.0,67.25,98.0,35.0,184.0,46.0,69.0,24.0,85.0,21.25,33.0,9.0,11.0,2.75,7.0,0.0,2.5,0.625,2.5,0.0,3.0,0.75,2.0,0.0,4.0,1.0,2.0,0.0,57.0,14.25,41.0,0.0,0.0,0.0,0.0,0.0
85,2019,103894,Ryan Pulley,Cornerback,CB,Arkansas,Razorbacks,ARK,http://insider.espn.com/nfl/draft/player/_/id/103894,,,,,,,,,c2e1ce4b73ec9b5590d5d9991ab8a088,209.0,70.625,38.0,315.0,37.0,https://a.espncdn.com/i/headshots/nfldraft/players/full/103894.png,2019,Arkansas,CB,70.63,209,,4.61,11.0,31.0,111.0,4.31,,31163,3916913,Arkansas,94.0,23.5,47.0,1.0,70.0,17.5,33.0,1.0,24.0,6.0,14.0,0.0,19.0,4.75,13.0,0.0,1.0,0.25,1.0,0.0,1.0,0.25,1.0,0.0,6.0,1.5,3.0,0.0,83.0,20.75,75.0,0.0,1.0,0.25,1.0,0.0
86,2019,103924,Brian Peavy,Cornerback,CB,Iowa State,Cyclones,ISU,http://insider.espn.com/nfl/draft/player/_/id/103924,,,,,,,,,6b408d457b9b55d1b5c2995a8bf666d2,192.0,68.25,40.0,340.0,33.0,https://a.espncdn.com/i/headshots/nfldraft/players/full/103924.png,2019,Iowa State,CB,68.25,192,,4.69,11.0,35.0,114.0,4.27,6.81,31945,3128393,Iowa State,289.0,72.25,88.0,57.0,185.0,46.25,54.0,41.0,104.0,26.0,39.0,16.0,17.0,4.25,9.0,0.0,2.5,0.625,1.0,0.0,5.0,1.25,3.0,0.0,6.0,1.5,2.0,1.0,92.0,23.0,70.0,-1.0,0.0,0.0,0.0,0.0
87,2019,103646,Alijah Holder,Cornerback,CB,Stanford,Cardinal,STAN,http://insider.espn.com/nfl/draft/player/_/id/103646,,,,,,,,,a28e9f3ce7ef88c9c41274a180c337c5,191.0,72.75,41.0,351.0,32.0,https://a.espncdn.com/i/headshots/nfldraft/players/full/103646.png,2019,Stanford,CB,72.75,191,,4.6,9.0,36.0,121.0,4.15,6.7,32440,3117249,Stanford,132.0,33.0,58.0,10.0,89.0,22.25,37.0,6.0,43.0,10.75,21.0,4.0,18.0,4.5,9.0,0.0,0.0,0.0,0.0,0.0,5.0,1.25,3.0,0.0,2.0,0.5,1.0,0.0,63.0,15.75,32.0,0.0,1.0,0.25,1.0,0.0
88,2020,104096,Jeff Okudah,Cornerback,CB,Ohio State,Buckeyes,OSU,http://insider.espn.com/nfl/draft/player/_/id/104096,3.0,3.0,1.0,False,,Detroit Lions,DET,https://a.espncdn.com/i/teamlogos/nfl/500/scoreboard/det.png,3487e3057ff410c87be49af670ab9f26,205.0,73.0,1.0,5.0,94.0,https://a.espncdn.com/i/headshots/nfldraft/players/full/104096.png,2020,Ohio State,CB,73.13,205,,4.48,11.0,41.0,135.0,,,33442,4241984,Ohio State,84.0,28.0,35.0,17.0,65.0,21.666666666666668,29.0,12.0,19.0,6.333333333333333,8.0,5.0,18.0,6.0,9.0,1.0,0.0,0.0,0.0,0.0,2.0,0.6666666666666666,2.0,0.0,3.0,1.0,3.0,0.0,0.0,0.0,0.0,0.0,0.0,0.0,0.0,0.0
89,2020,104476,A.J. Terrell,Cornerback,CB,Clemson,Tigers,CLEM,http://insider.espn.com/nfl/draft/player/_/id/104476,16.0,16.0,1.0,False,,Atlanta Falcons,ATL,https://a.espncdn.com/i/teamlogos/nfl/500/scoreboard/atl.png,bded3cfda34ca6d2cd3352475abc6063,195.0,73.0,6.0,51.0,83.0,https://a.espncdn.com/i/headshots/nfldraft/players/full/104476.png,2020,Clemson,CB,73.13,195,,4.42,15.0,34.5,129.0,4.27,7.12,33993,4239995,Clemson,102.0,34.0,53.0,15.0,73.0,24.33333333333333,40.0,9.0,29.0,9.666666666666666,13.0,6.0,11.0,3.6666666666666665,5.0,3.0,0.5,0.1666666666666666,0.5,0.0,2.0,0.6666666666666666,2.0,0.0,6.0,2.0,3.0,1.0,160.0,53.333333333333336,95.0,0.0,1.0,0.3333333333333333,1.0,0.0
90,2020,104223,Damon Arnette,Cornerback,CB,Ohio State,Buckeyes,OSU,http://insider.espn.com/nfl/draft/player/_/id/104223,19.0,19.0,1.0,True,From CHI,Las Vegas Raiders,LV,https://a.espncdn.com/i/teamlogos/nfl/500/scoreboard/lv.png,40119a400c2f5e50f29f99c71897a76d,195.0,72.0,7.0,58.0,80.0,https://a.espncdn.com/i/headshots/nfldraft/players/full/104223.png,2020,Ohio State,CB,71.63,195,,4.56,,,,,,34150,3915506,Ohio State,140.0,35.0,44.0,21.0,104.0,26.0,35.0,11.0,36.0,9.0,10.0,8.0,22.0,5.5,8.0,0.0,0.0,0.0,0.0,0.0,2.0,0.5,1.0,0.0,5.0,1.25,2.0,1.0,132.0,33.0,96.0,0.0,1.0,0.25,1.0,0.0
91,2020,104428,Noah Igbinoghene,Cornerback,CB,Auburn,Tigers,AUB,http://insider.espn.com/nfl/draft/player/_/id/104428,30.0,30.0,1.0,True,From GB,Miami Dolphins,MIA,https://a.espncdn.com/i/teamlogos/nfl/500/scoreboard/mia.png,ddab1ac70b9a37d843a2b5f926307c85,198.0,70.0,8.0,60.0,79.0,https://a.espncdn.com/i/headshots/nfldraft/players/full/104428.png,2020,Auburn,CB,70.38,198,,4.48,15.0,37.0,128.0,4.19,7.1,34620,4242516,Auburn,87.0,43.5,45.0,42.0,65.0,32.5,37.0,28.0,22.0,11.0,14.0,8.0,18.0,9.0,11.0,7.0,0.0,0.0,0.0,0.0,1.0,0.5,1.0,0.0,1.0,0.5,1.0,0.0,0.0,0.0,0.0,0.0,0.0,0.0,0.0,0.0
92,2020,104219,Jeff Gladney,Cornerback,CB,TCU,Horned Frogs,TCU,http://insider.espn.com/nfl/draft/player/_/id/104219,31.0,31.0,1.0,True,From SF,Minnesota Vikings,MIN,https://a.espncdn.com/i/teamlogos/nfl/500/scoreboard/min.png,cdf59f724fe8f11f2de25093bee9674b,191.0,70.0,4.0,43.0,85.0,https://a.espncdn.com/i/headshots/nfldraft/players/full/104219.png,2020,Texas Christian,CB,70.25,191,,4.48,17.0,37.5,124.0,,7.26,34693,3676819,TCU,146.0,36.5,46.0,28.0,107.0,26.75,30.0,23.0,39.0,9.75,16.0,5.0,38.0,9.5,14.0,5.0,1.5,0.375,1.0,0.0,0.0,0.0,0.0,0.0,5.0,1.25,2.0,0.0,128.0,32.0,94.0,0.0,0.0,0.0,0.0,0.0
93,2020,104210,Jaylon Johnson,Cornerback,CB,Utah,Utes,UTAH,http://insider.espn.com/nfl/draft/player/_/id/104210,18.0,50.0,2.0,False,,Chicago Bears,CHI,https://a.espncdn.com/i/teamlogos/nfl/500/scoreboard/chi.png,5a41d2618616165fc459137b6b1681f1,193.0,72.0,5.0,44.0,85.0,https://a.espncdn.com/i/headshots/nfldraft/players/full/104210.png,2020,Utah,CB,71.88,193,,4.5,15.0,36.5,124.0,4.13,7.01,35763,4243253,Utah,102.0,34.0,41.0,25.0,88.0,29.33333333333333,34.0,23.0,14.0,4.666666666666667,10.0,2.0,21.0,7.0,11.0,4.0,1.0,0.3333333333333333,1.0,0.0,0.0,0.0,0.0,0.0,7.0,2.333333333333333,4.0,1.0,165.0,55.0,126.0,0.0,2.0,0.6666666666666666,1.0,0.0
94,2020,104110,Trevon Diggs,Cornerback,CB,Alabama,Crimson Tide,ALA,http://insider.espn.com/nfl/draft/player/_/id/104110,19.0,51.0,2.0,False,,Dallas Cowboys,DAL,https://a.espncdn.com/i/teamlogos/nfl/500/scoreboard/dal.png,0e3bdc4eae64a3a78e8495d4d2ebb408,205.0,73.0,3.0,39.0,86.0,https://a.espncdn.com/i/headshots/nfldraft/players/full/104110.png,2020,Alabama,CB,73.38,205,,,,,,,,35808,4040966,Alabama,68.0,17.0,37.0,5.0,43.0,10.75,20.0,2.0,25.0,6.25,17.0,2.0,17.0,4.25,8.0,0.0,0.0,0.0,0.0,0.0,2.0,0.5,1.0,0.0,4.0,1.0,3.0,0.0,79.0,19.75,79.0,0.0,1.0,0.25,1.0,0.0
95,2020,104102,Kristian Fulton,Cornerback,CB,LSU,Tigers,LSU,http://insider.espn.com/nfl/draft/player/_/id/104102,29.0,61.0,2.0,False,,Tennessee Titans,TEN,https://a.espncdn.com/i/teamlogos/nfl/500/scoreboard/ten.png,b395ca2f80fa56f95803338a585e24a5,197.0,72.0,10.0,80.0,74.0,https://a.espncdn.com/i/headshots/nfldraft/players/full/104102.png,2020,Louisiana State,CB,71.63,197,,4.46,,35.5,123.0,4.36,6.94,36530,4035433,LSU,61.0,20.33333333333333,38.0,2.0,46.0,15.333333333333334,28.0,1.0,15.0,5.0,10.0,1.0,21.0,7.0,14.0,0.0,0.0,0.0,0.0,0.0,1.0,0.3333333333333333,1.0,0.0,2.0,0.6666666666666666,1.0,0.0,0.0,0.0,0.0,0.0,0.0,0.0,0.0,0.0
96,2020,104446,Cameron Dantzler,Cornerback,CB,Mississippi State,Bulldogs,MSST,http://insider.espn.com/nfl/draft/player/_/id/104446,25.0,89.0,3.0,False,,Minnesota Vikings,MIN,https://a.espncdn.com/i/teamlogos/nfl/500/scoreboard/min.png,ab3880cd698d4d3e5fc51993e592f534,188.0,74.0,12.0,96.0,70.0,https://a.espncdn.com/i/headshots/nfldraft/players/full/104446.png,2020,Mississippi State,CB,74.25,188,,4.64,,34.5,,,,37807,4035385,Mississippi State,107.0,35.666666666666664,42.0,25.0,77.0,25.666666666666668,31.0,15.0,30.0,10.0,11.0,9.0,17.0,5.666666666666667,8.0,3.0,1.5,0.5,1.0,0.0,1.0,0.3333333333333333,1.0,0.0,5.0,1.6666666666666667,2.0,1.0,23.0,7.666666666666667,15.0,0.0,0.0,0.0,0.0,0.0
97,2020,104208,Darnay Holmes,Cornerback,CB,UCLA,Bruins,UCLA,http://insider.espn.com/nfl/draft/player/_/id/104208,4.0,110.0,4.0,False,,New York Giants,NYG,https://a.espncdn.com/i/teamlogos/nfl/500/scoreboard/nyg.png,82cd5fd7df983db75674b72936bf9ccf,195.0,70.0,15.0,123.0,65.0,https://a.espncdn.com/i/headshots/nfldraft/players/full/104208.png,2020,UCLA,CB,69.75,195,,4.48,12.0,,,,,38701,4242973,UCLA,121.0,40.333333333333336,49.0,33.0,89.0,29.666666666666668,37.0,23.0,32.0,10.666666666666666,12.0,10.0,17.0,5.666666666666667,8.0,3.0,0.0,0.0,0.0,0.0,2.0,0.6666666666666666,2.0,0.0,8.0,2.6666666666666665,3.0,2.0,61.0,20.33333333333333,31.0,0.0,2.0,0.6666666666666666,1.0,0.0
98,2020,104444,Josiah Scott,Cornerback,CB,Michigan State,Spartans,MSU,http://insider.espn.com/nfl/draft/player/_/id/104444,31.0,137.0,4.0,True,From SF through DEN,Jacksonville Jaguars,JAX,https://a.espncdn.com/i/teamlogos/nfl/500/scoreboard/jax.png,c41669c04988db4850ae1cede5718c42,185.0,69.0,18.0,147.0,59.0,https://a.espncdn.com/i/headshots/nfldraft/players/full/104444.png,2020,Michigan State,CB,69.25,185,,4.42,17.0,,,,,40014,4241977,Michigan State,98.0,32.666666666666664,55.0,13.0,66.0,22.0,38.0,7.0,32.0,10.666666666666666,17.0,6.0,24.0,8.0,10.0,7.0,0.0,0.0,0.0,0.0,2.0,0.6666666666666666,1.0,0.0,7.0,2.333333333333333,3.0,2.0,46.0,15.333333333333334,34.0,0.0,0.0,0.0,0.0,0.0
99,2020,104451,Amik Robertson,Cornerback,CB,Louisiana Tech,Bulldogs,LAT,http://insider.espn.com/nfl/draft/player/_/id/104451,33.0,139.0,4.0,True,(Compensatory Selection From TB through NE),Las Vegas Raiders,LV,https://a.espncdn.com/i/teamlogos/nfl/500/scoreboard/lv.png,fcc68f0d751cc464180b643b74c68fa7,187.0,68.0,9.0,68.0,75.0,https://a.espncdn.com/i/headshots/nfldraft/players/full/104451.png,2020,Louisiana Tech,CB,68.38,187,,,,,,,,40104,4239694,Louisiana Tech,179.0,59.66666666666666,61.0,58.0,136.0,45.333333333333336,48.0,44.0,43.0,14.333333333333334,17.0,10.0,34.0,11.333333333333334,16.0,6.0,4.0,1.3333333333333333,2.0,1.0,2.0,0.6666666666666666,1.0,0.0,14.0,4.666666666666667,5.0,4.0,265.0,88.33333333333333,141.0,27.0,3.0,1.0,2.0,0.0
100,2020,104541,John Reid,Cornerback,CB,Penn State,Nittany Lions,PSU,http://insider.espn.com/nfl/draft/player/_/id/104541,35.0,141.0,4.0,True,(Compensatory Selection From MIA),Houston Texans,HOU,https://a.espncdn.com/i/teamlogos/nfl/500/scoreboard/hou.png,9db0b598fd0d4c3cb1b292b4ec344a9e,187.0,70.0,25.0,214.0,45.0,https://a.espncdn.com/i/headshots/nfldraft/players/full/104541.png,2020,Penn State,CB,70.38,187,,4.49,20.0,36.5,129.0,3.97,6.95,40203,3929653,Penn State,125.0,31.25,37.0,24.0,83.0,20.75,26.0,17.0,42.0,10.5,13.0,7.0,23.0,5.75,8.0,0.0,1.5,0.375,1.0,0.0,1.0,0.25,1.0,0.0,7.0,1.75,2.0,1.0,163.0,40.75,61.0,14.0,1.0,0.25,1.0,0.0
101,2020,104121,Bryce Hall,Cornerback,CB,Virginia,Cavaliers,UVA,http://insider.espn.com/nfl/draft/player/_/id/104121,13.0,158.0,5.0,False,,New York Jets,NYJ,https://a.espncdn.com/i/teamlogos/nfl/500/scoreboard/nyj.png,afc5254f1dfd53e9e56a0777dee78453,202.0,73.0,11.0,87.0,71.0,https://a.espncdn.com/i/headshots/nfldraft/players/full/104121.png,2020,Virginia,CB,73.13,202,,,11.0,,,,,40904,4037584,Virginia,154.0,38.5,62.0,20.0,98.0,24.5,39.0,13.0,56.0,14.0,23.0,7.0,34.0,8.5,21.0,0.0,4.0,1.0,2.0,0.0,3.0,0.75,2.0,0.0,5.0,1.25,2.0,0.0,51.0,12.75,36.0,-4.0,0.0,0.0,0.0,0.0
102,2020,104225,Kindle Vildor,Cornerback,CB,Georgia Southern,Eagles,GASO,http://insider.espn.com/nfl/draft/player/_/id/104225,18.0,163.0,5.0,False,,Chicago Bears,CHI,https://a.espncdn.com/i/teamlogos/nfl/500/scoreboard/chi.png,ad0f237290cfa491e7a1d24d03dfa69b,191.0,70.0,17.0,140.0,60.0,https://a.espncdn.com/i/headshots/nfldraft/players/full/104225.png,2020,Georgia Southern,CB,69.88,191,,4.44,22.0,39.5,133.0,4.28,7.14,41092,4036651,Georgia Southern,94.0,23.5,42.0,5.0,72.0,18.0,31.0,3.0,22.0,5.5,11.0,2.0,25.0,6.25,12.0,0.0,1.0,0.25,1.0,0.0,1.0,0.25,1.0,0.0,9.0,2.25,4.0,0.0,36.0,9.0,36.0,0.0,0.0,0.0,0.0,0.0
103,2020,104389,Dane Jackson,Cornerback,CB,Pittsburgh,Panthers,PITT,http://insider.espn.com/nfl/draft/player/_/id/104389,25.0,239.0,7.0,True,From MIN,Buffalo Bills,BUF,https://a.espncdn.com/i/teamlogos/nfl/500/scoreboard/buf.png,ff43c21814555dd5619147074f0b506c,187.0,72.0,22.0,195.0,50.0,https://a.espncdn.com/i/headshots/nfldraft/players/full/104389.png,2020,Pittsburgh,CB,71.63,187,,4.57,,35.0,122.0,4.27,7.07,44926,3895791,Pittsburgh,148.0,37.0,47.0,18.0,113.0,28.25,38.0,9.0,35.0,8.75,13.0,4.0,39.0,9.75,14.0,4.0,1.5,0.375,1.0,0.0,4.0,1.0,4.0,0.0,4.0,1.0,2.0,0.0,67.0,16.75,26.0,0.0,1.0,0.25,1.0,0.0
104,2020,104138,Lavert Hill,Cornerback,CB,Michigan,Wolverines,MICH,http://insider.espn.com/nfl/draft/player/_/id/104138,,,,,,,,,334b7dc43519edd28bbc04e8561c2598,190.0,70.0,14.0,108.0,68.0,https://a.espncdn.com/i/headshots/nfldraft/players/full/104138.png,2020,Michigan,CB,70.0,190,,,21.0,,,,,45693,4046538,Michigan,57.0,14.25,25.0,2.0,37.0,9.25,15.0,2.0,20.0,5.0,10.0,0.0,21.0,5.25,10.0,1.0,0.0,0.0,0.0,0.0,0.0,0.0,0.0,0.0,6.0,1.5,3.0,0.0,70.0,17.5,25.0,0.0,2.0,0.5,1.0,0.0
105,2020,104502,Javaris Davis,Cornerback,CB,Auburn,Tigers,AUB,http://insider.espn.com/nfl/draft/player/_/id/104502,,,,,,,,,0567c76a9ebaa15061403ef99471a5ea,183.0,68.5,16.0,129.0,63.0,https://a.espncdn.com/i/headshots/nfldraft/players/full/104502.png,2020,Auburn,CB,68.5,183,,4.39,11.0,35.5,124.0,,,45913,3916926,Auburn,146.0,36.5,43.0,29.0,112.0,28.0,33.0,19.0,34.0,8.5,14.0,4.0,25.0,6.25,7.0,6.0,2.0,0.5,1.0,0.0,0.0,0.0,0.0,0.0,8.0,2.0,2.0,2.0,133.0,33.25,72.0,0.0,1.0,0.25,1.0,0.0
106,2020,104485,Essang Bassey,Cornerback,CB,Wake Forest,Demon Deacons,WAKE,http://insider.espn.com/nfl/draft/player/_/id/104485,,,,,,,,,4ea09c859811fe65906a5215b8d3c85f,191.0,69.375,19.0,162.0,56.0,https://a.espncdn.com/i/headshots/nfldraft/players/full/104485.png,2020,Wake Forest,CB,69.38,191,,4.46,12.0,39.5,128.0,4.13,6.95,46270,4037216,Wake Forest,228.0,57.0,75.0,19.0,162.0,40.5,53.0,16.0,66.0,16.5,23.0,3.0,45.0,11.25,16.0,3.0,1.0,0.25,1.0,0.0,1.0,0.25,1.0,0.0,5.0,1.25,3.0,0.0,31.0,7.75,30.0,0.0,1.0,0.25,1.0,0.0
107,2020,104205,A.J. Green,Cornerback,CB,Oklahoma State,Cowboys,OKST,http://insider.espn.com/nfl/draft/player/_/id/104205,,,,,,,,,ba8c57075313516a1879ed6d33de1eb6,202.0,73.5,20.0,167.0,55.0,https://a.espncdn.com/i/headshots/nfldraft/players/full/104205.png,2020,Oklahoma State,CB,73.5,202,,4.62,13.0,34.0,9.0,4.28,7.2,46324,4038437,Oklahoma State,147.0,36.75,49.0,2.0,118.0,29.5,39.0,1.0,29.0,7.25,10.0,1.0,21.0,5.25,11.0,0.0,0.0,0.0,0.0,0.0,2.0,0.5,1.0,0.0,6.0,1.5,4.0,0.0,92.0,23.0,65.0,0.0,1.0,0.25,1.0,0.0
108,2020,104512,Lamar Jackson,Cornerback,CB,Nebraska,Cornhuskers,NEB,http://insider.espn.com/nfl/draft/player/_/id/104512,,,,,,,,,a9581fcd2b3f1c8ce8b8cacd4ee431f0,208.0,74.0,24.0,212.0,46.0,https://a.espncdn.com/i/headshots/nfldraft/players/full/104512.png,2020,Nebraska,CB,74.0,208,,4.58,10.0,36.5,122.0,4.42,7.28,47312,4034849,Nebraska,117.0,29.25,40.0,11.0,87.0,21.75,30.0,9.0,30.0,7.5,11.0,2.0,22.0,5.5,12.0,0.0,1.0,0.25,1.0,0.0,3.0,0.75,2.0,0.0,5.0,1.25,3.0,0.0,12.0,3.0,12.0,0.0,0.0,0.0,0.0,0.0
109,2020,104460,Trajan Bandy,Cornerback,CB,Miami,Hurricanes,MIA,http://insider.espn.com/nfl/draft/player/_/id/104460,,,,,,,,,cf5c048b5465287f969b28d7196d237f,180.0,67.75,27.0,243.0,40.0,https://a.espncdn.com/i/headshots/nfldraft/players/full/104460.png,2020,Miami (FL),CB,67.75,180,,4.5,10.0,,,,,48487,4240624,Miami,89.0,29.666666666666668,36.0,25.0,59.0,19.666666666666668,25.0,14.0,30.0,10.0,11.0,8.0,22.0,7.333333333333333,8.0,6.0,3.0,1.0,3.0,0.0,1.0,0.3333333333333333,1.0,0.0,4.0,1.3333333333333333,3.0,0.0,78.0,26.0,65.0,0.0,1.0,0.3333333333333333,1.0,0.0
110,2020,104033,Myles Bryant,Cornerback,CB,Washington,Huskies,WASH,http://insider.espn.com/nfl/draft/player/_/id/104033,,,,,,,,,6c02657528b314d7a7606d8bdf7302f2,183.0,67.875,29.0,272.0,35.0,https://a.espncdn.com/i/headshots/nfldraft/players/full/104033.png,2020,Washington,CB,69.0,185,,4.62,,31.5,115.0,4.02,6.81,49389,4039010,Washington,190.0,47.5,68.0,4.0,122.0,30.5,43.0,3.0,68.0,17.0,25.0,1.0,16.0,4.0,8.0,1.0,4.5,1.125,3.5,0.0,3.0,0.75,1.0,0.0,4.0,1.0,3.0,0.0,67.0,16.75,35.0,0.0,1.0,0.25,1.0,0.0
111,2020,104661,Nevelle Clarke,Cornerback,CB,UCF,Knights,UCF,http://insider.espn.com/nfl/draft/player/_/id/104661,,,,,,,,,273551d0dbb5f7d5a322b6a141a4fcd6,190.0,72.875,32.0,305.0,31.0,,2020,Central Florida,CB,72.88,190,,,10.0,35.0,126.0,4.31,6.88,50847,3929034,UCF,107.0,26.75,46.0,14.0,92.0,23.0,38.0,11.0,15.0,3.75,8.0,0.0,29.0,7.25,13.0,2.0,1.0,0.25,1.0,0.0,0.0,0.0,0.0,0.0,5.0,1.25,2.0,0.0,48.0,12.0,48.0,0.0,1.0,0.25,1.0,0.0
112,2021,104938,Jaycee Horn,Cornerback,CB,South Carolina,Gamecocks,SC,http://insider.espn.com/nfl/draft/player/_/id/104938,8.0,8.0,1.0,False,,Carolina Panthers,CAR,https://a.espncdn.com/i/teamlogos/nfl/500/scoreboard/car.png,424defc50f32ae9847033b6a7a975a15,205.0,73.0,2.0,14.0,91.0,https://a.espncdn.com/i/headshots/nfldraft/players/full/104938.png,2021,South Carolina,CB,72.75,205,,4.4,19.0,41.5,133.0,,,51658,4362847,South Carolina,101.0,33.666666666666664,45.0,16.0,69.0,23.0,30.0,10.0,32.0,10.666666666666666,15.0,6.0,23.0,7.666666666666667,9.0,6.0,3.0,1.0,2.0,0.0,2.0,0.6666666666666666,2.0,0.0,2.0,0.6666666666666666,2.0,0.0,34.0,11.333333333333334,34.0,0.0,0.0,0.0,0.0,0.0
113,2021,104751,Caleb Farley,Cornerback,CB,Virginia Tech,Hokies,VT,http://insider.espn.com/nfl/draft/player/_/id/104751,22.0,22.0,1.0,False,,Tennessee Titans,TEN,https://a.espncdn.com/i/teamlogos/nfl/500/scoreboard/ten.png,db541914f5bf4466abbedadfd64893f9,197.0,74.0,3.0,19.0,90.0,https://a.espncdn.com/i/headshots/nfldraft/players/full/104751.png,2021,Virginia Tech,CB,73.0,207,,,,,131.0,,,51685,4240859,Virginia Tech,56.0,28.0,36.0,20.0,43.0,21.5,29.0,14.0,13.0,6.5,7.0,6.0,19.0,9.5,12.0,7.0,1.0,0.5,1.0,0.0,0.0,0.0,0.0,0.0,6.0,3.0,4.0,2.0,14.0,7.0,14.0,0.0,1.0,0.5,1.0,0.0
114,2021,105145,Eric Stokes,Cornerback,CB,Georgia,Bulldogs,UGA,http://insider.espn.com/nfl/draft/player/_/id/105145,29.0,29.0,1.0,False,,Green Bay Packers,GB,https://a.espncdn.com/i/teamlogos/nfl/500/scoreboard/gb.png,da3ff6060d2c85be921c5a7d05ebdb7a,194.0,73.0,10.0,71.0,76.0,https://a.espncdn.com/i/headshots/nfldraft/players/full/105145.png,2021,Georgia,CB,72.63,194,,4.31,14.0,38.5,128.0,4.36,6.96,53791,4259561,Georgia,78.0,26.0,38.0,20.0,60.0,20.0,30.0,14.0,18.0,6.0,8.0,4.0,22.0,7.333333333333333,9.0,4.0,1.0,0.3333333333333333,1.0,0.0,1.0,0.3333333333333333,1.0,0.0,4.0,1.3333333333333333,4.0,0.0,94.0,31.33333333333333,94.0,0.0,2.0,0.6666666666666666,2.0,0.0
115,2021,104753,Jevon Holland,Safety,S,Oregon,Ducks,ORE,http://insider.espn.com/nfl/draft/player/_/id/104753,4.0,36.0,2.0,True,From HOU,Miami Dolphins,MIA,https://a.espncdn.com/i/teamlogos/nfl/500/scoreboard/mia.png,2cf22ebb92ff7bcc8827f5bacd2d1994,207.0,73.0,4.0,56.0,81.0,https://a.espncdn.com/i/headshots/nfldraft/players/full/104753.png,2021,Oregon,FS,72.63,207,,4.47,19.0,35.5,126.0,4.16,,53494,4373809,Oregon,108.0,54.0,66.0,42.0,71.0,35.5,40.0,31.0,37.0,18.5,26.0,11.0,10.0,5.0,6.0,4.0,0.0,0.0,0.0,0.0,0.0,0.0,0.0,0.0,9.0,4.5,5.0,4.0,72.0,36.0,64.0,8.0,1.0,0.5,1.0,0.0
116,2021,105187,Richie Grant,Safety,S,UCF,Knights,UCF,http://insider.espn.com/nfl/draft/player/_/id/105187,8.0,40.0,2.0,True,From DEN,Atlanta Falcons,ATL,https://a.espncdn.com/i/teamlogos/nfl/500/scoreboard/atl.png,47994632c09c0990e85fda54078602ca,197.0,72.0,3.0,53.0,82.0,https://a.espncdn.com/i/headshots/nfldraft/players/full/105187.png,2021,Central Florida,FS,71.63,197,,4.57,12.0,34.5,129.0,4.27,6.78,53272,4042119,UCF,290.0,72.5,108.0,32.0,189.0,47.25,68.0,24.0,101.0,25.25,40.0,8.0,18.0,4.5,8.0,2.0,1.0,0.25,1.0,0.0,6.0,1.5,2.0,1.0,10.0,2.5,6.0,0.0,104.0,26.0,40.0,0.0,1.0,0.25,1.0,0.0
117,2021,104755,Trevon Moehrig,Safety,S,TCU,Horned Frogs,TCU,http://insider.espn.com/nfl/draft/player/_/id/104755,11.0,43.0,2.0,True,From SF,Las Vegas Raiders,LV,https://a.espncdn.com/i/teamlogos/nfl/500/scoreboard/lv.png,f1e1935878de88ac4d1847fdfce5c36e,202.0,73.0,1.0,17.0,90.0,https://a.espncdn.com/i/headshots/nfldraft/players/full/104755.png,2021,Texas Christian,FS,72.63,202,,4.52,14.0,33.0,128.0,4.19,,51735,4362487,TCU,124.0,41.333333333333336,62.0,15.0,85.0,28.33333333333333,43.0,12.0,39.0,13.0,19.0,3.0,21.0,7.0,11.0,1.0,0.0,0.0,0.0,0.0,2.0,0.6666666666666666,2.0,0.0,7.0,2.333333333333333,4.0,1.0,90.0,30.0,70.0,0.0,0.0,0.0,0.0,0.0
118,2021,104824,Andre Cisco,Safety,S,Syracuse,Orange,SYR,http://insider.espn.com/nfl/draft/player/_/id/104824,1.0,65.0,3.0,False,,Jacksonville Jaguars,JAX,https://a.espncdn.com/i/teamlogos/nfl/500/scoreboard/jax.png,065d3b695b5d33ea41e9812425706634,216.0,73.0,2.0,50.0,82.0,https://a.espncdn.com/i/headshots/nfldraft/players/full/104824.png,2021,Syracuse,FS,72.63,216,,,17.0,,119.0,,,53611,4361939,Syracuse,136.0,45.333333333333336,65.0,11.0,94.0,31.33333333333333,46.0,7.0,42.0,14.0,24.0,4.0,14.0,4.666666666666667,9.0,0.0,0.0,0.0,0.0,0.0,2.0,0.6666666666666666,1.0,0.0,13.0,4.333333333333333,7.0,1.0,143.0,47.66666666666666,67.0,29.0,1.0,0.3333333333333333,1.0,0.0
119,2021,105213,Benjamin St-Juste,Cornerback,CB,Minnesota,Golden Gophers,MINN,http://insider.espn.com/nfl/draft/player/_/id/105213,10.0,74.0,3.0,True,From SF,Washington,WSH,https://a.espncdn.com/i/teamlogos/nfl/500/scoreboard/wsh.png,c945246a88fa2f6491b32b1cd05eaa18,202.0,75.0,12.0,81.0,75.0,https://a.espncdn.com/i/headshots/nfldraft/players/full/105213.png,2021,Minnesota,CB,75.25,202,,4.55,11.0,34.5,119.0,4.01,6.63,54219,4258206,Minnesota,62.0,20.666666666666668,45.0,3.0,50.0,16.666666666666668,36.0,3.0,12.0,4.0,9.0,0.0,13.0,4.333333333333333,10.0,0.0,0.0,0.0,0.0,0.0,0.0,0.0,0.0,0.0,0.0,0.0,0.0,0.0,0.0,0.0,0.0,0.0,0.0,0.0,0.0,0.0
120,2021,104762,Paulson Adebo,Cornerback,CB,Stanford,Cardinal,STAN,http://insider.espn.com/nfl/draft/player/_/id/104762,12.0,76.0,3.0,True,From NYG through DEN,New Orleans Saints,NO,https://a.espncdn.com/i/teamlogos/nfl/500/scoreboard/no.png,cbca26cbef4a4fc2fc8a06d88b893e0c,198.0,73.0,15.0,95.0,72.0,https://a.espncdn.com/i/headshots/nfldraft/players/full/104762.png,2021,Stanford,CB,73.0,198,,4.45,18.0,36.5,121.0,4.13,6.69,55156,4242547,Stanford,97.0,48.5,64.0,33.0,69.0,34.5,46.0,23.0,28.0,14.0,18.0,10.0,27.0,13.5,17.0,10.0,0.0,0.0,0.0,0.0,1.0,0.5,1.0,0.0,8.0,4.0,4.0,4.0,49.0,24.5,45.0,4.0,0.0,0.0,0.0,0.0
121,2021,104845,Divine Deablo,Safety,S,Virginia Tech,Hokies,VT,http://insider.espn.com/nfl/draft/player/_/id/104845,17.0,80.0,3.0,False,,Las Vegas Raiders,LV,https://a.espncdn.com/i/teamlogos/nfl/500/scoreboard/lv.png,d51aeebf16e9f8509199fddbde6d001c,226.0,75.0,17.0,202.0,50.0,https://a.espncdn.com/i/headshots/nfldraft/players/full/104845.png,2021,Virginia Tech,SS,75.25,226,,4.45,19.0,34.0,126.0,4.45,7.01,59455,4037626,Virginia Tech,205.0,41.0,84.0,4.0,117.0,23.4,42.0,2.0,88.0,17.6,42.0,2.0,11.0,2.2,4.0,0.0,0.5,0.1,0.5,0.0,3.0,0.6,1.0,0.0,6.0,1.2,4.0,0.0,5.0,1.0,5.0,0.0,0.0,0.0,0.0,0.0
122,2021,104784,Elijah Molden,Cornerback,CB,Washington,Huskies,WASH,http://insider.espn.com/nfl/draft/player/_/id/104784,37.0,100.0,3.0,False,Compensatory Selection,Tennessee Titans,TEN,https://a.espncdn.com/i/teamlogos/nfl/500/scoreboard/ten.png,2d31dad30f8c928b313412697d762167,192.0,70.0,7.0,49.0,83.0,https://a.espncdn.com/i/headshots/nfldraft/players/full/104784.png,2021,Washington,CB,69.5,192,,,13.0,36.5,125.0,,,53120,4243328,Washington,153.0,38.25,79.0,19.0,100.0,25.0,49.0,10.0,53.0,13.25,30.0,5.0,19.0,4.75,12.0,1.0,0.0,0.0,0.0,0.0,4.0,1.0,3.0,0.0,5.0,1.25,4.0,0.0,69.0,17.25,45.0,0.0,0.0,0.0,0.0,0.0
123,2021,104817,Ambry Thomas,Cornerback,CB,Michigan,Wolverines,MICH,http://insider.espn.com/nfl/draft/player/_/id/104817,39.0,102.0,3.0,False,Compensatory Selection,San Francisco 49ers,SF,https://a.espncdn.com/i/teamlogos/nfl/500/scoreboard/sf.png,0a145b37dda39500f535811d16432310,191.0,72.0,25.0,166.0,58.0,https://a.espncdn.com/i/headshots/nfldraft/players/full/104817.png,2021,Michigan,CB,71.88,191,,4.41,15.0,38.0,122.0,,,58099,4258209,Michigan,54.0,18.0,38.0,7.0,43.0,14.333333333333334,30.0,6.0,11.0,3.6666666666666665,8.0,1.0,3.0,1.0,3.0,0.0,0.0,0.0,0.0,0.0,1.0,0.3333333333333333,1.0,0.0,4.0,1.3333333333333333,3.0,0.0,6.0,2.0,6.0,0.0,0.0,0.0,0.0,0.0
124,2021,105303,Brandon Stephens,Cornerback,CB,SMU,Mustangs,SMU,http://insider.espn.com/nfl/draft/player/_/id/105303,41.0,104.0,3.0,False,Compensatory Selection,Baltimore Ravens,BAL,https://a.espncdn.com/i/teamlogos/nfl/500/scoreboard/bal.png,48bb2cfa83b5d4ec4bfe3d310e534658,213.0,72.0,29.0,236.0,39.0,https://a.espncdn.com/i/headshots/nfldraft/players/full/105303.png,2021,Southern Methodist (TX),CB,72.13,213,,4.44,19.0,38.0,127.0,4.29,6.99,61459,4035824,SMU,92.0,46.0,49.0,43.0,74.0,37.0,38.0,36.0,18.0,9.0,11.0,7.0,22.0,11.0,12.0,10.0,0.0,0.0,0.0,0.0,0.0,0.0,0.0,0.0,1.0,0.5,1.0,0.0,0.0,0.0,0.0,0.0,0.0,0.0,0.0,0.0
125,2021,105438,Zech McPhearson,Cornerback,CB,Texas Tech,Red Raiders,TTU,http://insider.espn.com/nfl/draft/player/_/id/105438,18.0,123.0,4.0,True,From MIA,Philadelphia Eagles,PHI,https://a.espncdn.com/i/teamlogos/nfl/500/scoreboard/phi.png,340a873455425b64c45b35a5eb4ff36e,191.0,71.0,38.0,317.0,30.0,,2021,Texas Tech,CB,70.88,191,,4.5,14.0,40.5,130.0,4.03,6.84,65031,4045161,Texas Tech,121.0,24.2,53.0,1.0,100.0,20.0,47.0,0.0,21.0,4.2,9.0,1.0,14.0,2.8,6.0,0.0,0.0,0.0,0.0,0.0,0.0,0.0,0.0,0.0,4.0,0.8,4.0,0.0,21.0,4.2,21.0,0.0,0.0,0.0,0.0,0.0
126,2021,104811,Camryn Bynum,Cornerback,CB,California,Golden Bears,CAL,http://insider.espn.com/nfl/draft/player/_/id/104811,20.0,125.0,4.0,True,From CHI,Minnesota Vikings,MIN,https://a.espncdn.com/i/teamlogos/nfl/500/scoreboard/min.png,ce31187e2a38cfcdf93dba91af1638f1,196.0,72.0,21.0,130.0,66.0,https://a.espncdn.com/i/headshots/nfldraft/players/full/104811.png,2021,California,CB,72.25,196,,4.58,,34.0,129.0,4.1,6.99,56485,4035861,California,183.0,45.75,59.0,19.0,120.0,30.0,38.0,14.0,63.0,15.75,21.0,5.0,28.0,7.0,9.0,2.0,0.5,0.125,0.5,0.0,0.0,0.0,0.0,0.0,6.0,1.5,2.0,1.0,20.0,5.0,20.0,0.0,0.0,0.0,0.0,0.0
127,2021,105306,Tyree Gillespie,Safety,S,Missouri,Tigers,MIZ,http://insider.espn.com/nfl/draft/player/_/id/105306,38.0,143.0,4.0,True,Compensatory Selection from MIN through NYJ,Las Vegas Raiders,LV,https://a.espncdn.com/i/teamlogos/nfl/500/scoreboard/lv.png,940a1e581c7be457393e0cdd96b567f5,207.0,72.0,12.0,157.0,59.0,https://a.espncdn.com/i/headshots/nfldraft/players/full/105306.png,2021,Missouri,SS,71.75,207,,4.43,15.0,35.5,108.0,4.39,7.06,57803,4241195,Missouri,146.0,36.5,50.0,2.0,100.0,25.0,37.0,0.0,46.0,11.5,17.0,2.0,12.0,3.0,7.0,0.0,2.0,0.5,1.0,0.0,1.0,0.25,1.0,0.0,0.0,0.0,0.0,0.0,0.0,0.0,0.0,0.0,0.0,0.0,0.0,0.0
128,2021,105284,Jamien Sherwood,Safety,S,Auburn,Tigers,AUB,http://insider.espn.com/nfl/draft/player/_/id/105284,2.0,146.0,5.0,False,,New York Jets,NYJ,https://a.espncdn.com/i/teamlogos/nfl/500/scoreboard/nyj.png,b8dd0e2d607c12d802803e662fcc454d,216.0,74.0,14.0,187.0,53.0,https://a.espncdn.com/i/headshots/nfldraft/players/full/105284.png,2021,Auburn,SS,73.75,216,,4.76,15.0,36.0,123.0,4.36,7.15,58998,4361331,Auburn,130.0,43.333333333333336,65.0,22.0,73.0,24.33333333333333,40.0,12.0,57.0,19.0,25.0,10.0,10.0,3.333333333333333,5.0,2.0,2.5,0.8333333333333334,1.5,0.0,0.0,0.0,0.0,0.0,1.0,0.3333333333333333,1.0,0.0,0.0,0.0,0.0,0.0,0.0,0.0,0.0,0.0
129,2021,104807,Caden Sterns,Safety,S,Texas,Longhorns,TEX,http://insider.espn.com/nfl/draft/player/_/id/104807,8.0,152.0,5.0,False,,Denver Broncos,DEN,https://a.espncdn.com/i/teamlogos/nfl/500/scoreboard/den.png,d8228eaf658ae9e22a182f4d61c248dc,202.0,72.0,10.0,139.0,64.0,https://a.espncdn.com/i/headshots/nfldraft/players/full/104807.png,2021,Texas,FS,71.88,202,,4.41,14.0,42.0,128.0,4.13,6.96,56986,4362077,Texas,173.0,57.66666666666666,62.0,52.0,120.0,40.0,46.0,30.0,53.0,17.666666666666668,22.0,15.0,8.0,2.6666666666666665,4.0,1.0,2.0,0.6666666666666666,1.0,0.0,0.0,0.0,0.0,0.0,5.0,1.6666666666666667,4.0,0.0,33.0,11.0,33.0,0.0,0.0,0.0,0.0,0.0
130,2021,104746,Shaun Wade,Cornerback,CB,Ohio State,Buckeyes,OSU,http://insider.espn.com/nfl/draft/player/_/id/104746,16.0,160.0,5.0,True,From ARI,Baltimore Ravens,BAL,https://a.espncdn.com/i/teamlogos/nfl/500/scoreboard/bal.png,f7fd6c10f0c8cb436cfda98b497d6fe9,196.0,73.0,16.0,101.0,71.0,https://a.espncdn.com/i/headshots/nfldraft/players/full/104746.png,2021,Ohio State,CB,72.63,196,,,,,122.0,,,55357,4241995,Ohio State,76.0,25.33333333333333,31.0,20.0,57.0,19.0,27.0,14.0,19.0,6.333333333333333,9.0,4.0,18.0,6.0,8.0,3.0,2.0,0.6666666666666666,2.0,0.0,2.0,0.6666666666666666,1.0,0.0,6.0,2.0,3.0,1.0,48.0,16.0,36.0,0.0,1.0,0.3333333333333333,1.0,0.0
131,2021,105430,Darrick Forrest,Safety,S,Cincinnati,Bearcats,CIN,http://insider.espn.com/nfl/draft/player/_/id/105430,19.0,163.0,5.0,False,,Washington,WSH,https://a.espncdn.com/i/teamlogos/nfl/500/scoreboard/wsh.png,8a8538a0e9c1cdf0357a05190e71afed,206.0,72.0,27.0,291.0,32.0,,2021,Cincinnati,SS,71.5,206,,4.43,21.0,39.0,132.0,4.22,6.91,63820,4239088,Cincinnati,191.0,47.75,106.0,5.0,117.0,29.25,63.0,3.0,74.0,18.5,43.0,2.0,6.0,1.5,3.0,0.0,0.0,0.0,0.0,0.0,0.0,0.0,0.0,0.0,6.0,1.5,3.0,0.0,96.0,24.0,51.0,0.0,0.0,0.0,0.0,0.0
132,2021,104793,Shawn Davis,Safety,S,Florida,Gators,FLA,http://insider.espn.com/nfl/draft/player/_/id/104793,21.0,165.0,5.0,False,,Indianapolis Colts,IND,https://a.espncdn.com/i/teamlogos/nfl/500/scoreboard/ind.png,f142b148bb85eb2d199c9f957d973165,202.0,71.0,15.0,192.0,52.0,https://a.espncdn.com/i/headshots/nfldraft/players/full/104793.png,2021,Florida,SS,70.63,202,,,17.0,39.5,128.0,,,59168,4240602,Florida,126.0,31.5,51.0,11.0,77.0,19.25,33.0,3.0,49.0,12.25,18.0,6.0,10.0,2.5,5.0,1.0,0.0,0.0,0.0,0.0,1.0,0.25,1.0,0.0,5.0,1.25,3.0,0.0,156.0,39.0,111.0,0.0,0.0,0.0,0.0,0.0
133,2021,105208,Keith Taylor,Cornerback,CB,Washington,Huskies,WASH,http://insider.espn.com/nfl/draft/player/_/id/105208,22.0,166.0,5.0,True,From TEN,Carolina Panthers,CAR,https://a.espncdn.com/i/teamlogos/nfl/500/scoreboard/car.png,f83af1cec3edea6fc6db3b193aee1d29,187.0,74.0,32.0,256.0,36.0,https://a.espncdn.com/i/headshots/nfldraft/players/full/105208.png,2021,Washington,CB,74.25,187,,4.54,12.0,33.5,127.0,4.27,6.85,62493,4243332,Washington,91.0,22.75,59.0,8.0,61.0,15.25,38.0,6.0,30.0,7.5,21.0,2.0,10.0,2.5,5.0,1.0,0.0,0.0,0.0,0.0,0.0,0.0,0.0,0.0,0.0,0.0,0.0,0.0,0.0,0.0,0.0,0.0,0.0,0.0,0.0,0.0
134,2021,104803,Richard LeCounte,Safety,S,Georgia,Bulldogs,UGA,http://insider.espn.com/nfl/draft/player/_/id/104803,25.0,169.0,5.0,True,From LAR,Cleveland Browns,CLE,https://a.espncdn.com/i/teamlogos/nfl/500/scoreboard/cle.png,7068bcb52cee7723deb14fea347ceddb,196.0,71.0,6.0,96.0,72.0,https://a.espncdn.com/i/headshots/nfldraft/players/full/104803.png,2021,Georgia,SS,61.5,196,,4.79,,32.5,128.0,4.49,7.44,55174,4240686,Georgia,176.0,44.0,74.0,15.0,106.0,26.5,45.0,10.0,70.0,17.5,29.0,5.0,10.0,2.5,4.0,0.0,0.0,0.0,0.0,0.0,4.0,1.0,2.0,0.0,8.0,2.0,4.0,0.0,143.0,35.75,76.0,0.0,0.0,0.0,0.0,0.0
135,2021,105440,Deommodore Lenoir,Cornerback,CB,Oregon,Ducks,ORE,http://insider.espn.com/nfl/draft/player/_/id/105440,28.0,172.0,5.0,True,From NO,San Francisco 49ers,SF,https://a.espncdn.com/i/teamlogos/nfl/500/scoreboard/sf.png,d7f3e9e89446badf65119d4332bb56b2,199.0,70.0,39.0,319.0,30.0,,2021,Oregon,CB,70.25,199,,4.45,15.0,34.5,121.0,4.34,7.02,65139,4242488,Oregon,147.0,36.75,52.0,24.0,105.0,26.25,38.0,17.0,42.0,10.5,15.0,5.0,21.0,5.25,9.0,0.0,0.0,0.0,0.0,0.0,2.0,0.5,1.0,0.0,6.0,1.5,3.0,1.0,83.0,20.75,45.0,0.0,0.0,0.0,0.0,0.0
136,2021,105296,Talanoa Hufanga,Safety,S,USC,Trojans,USC,http://insider.espn.com/nfl/draft/player/_/id/105296,36.0,180.0,5.0,False,Compensatory Selection,San Francisco 49ers,SF,https://a.espncdn.com/i/teamlogos/nfl/500/scoreboard/sf.png,379f2aa6c5f8b840c0e3e7f8ef5a8d2b,199.0,72.0,20.0,212.0,46.0,https://a.espncdn.com/i/headshots/nfldraft/players/full/105296.png,2021,Southern California,SS,72.38,199,,4.64,12.0,35.5,128.0,4.39,6.96,60096,4360853,USC,203.0,67.66666666666667,90.0,51.0,129.0,43.0,58.0,31.0,74.0,24.666666666666668,32.0,20.0,8.0,2.6666666666666665,4.0,1.0,6.5,2.1666666666666665,3.5,0.0,4.0,1.3333333333333333,2.0,0.0,4.0,1.3333333333333333,4.0,0.0,90.0,30.0,90.0,0.0,0.0,0.0,0.0,0.0
137,2021,104835,Hamsah Nasirildeen,Safety,S,Florida State,Seminoles,FSU,http://insider.espn.com/nfl/draft/player/_/id/104835,2.0,186.0,6.0,False,,New York Jets,NYJ,https://a.espncdn.com/i/teamlogos/nfl/500/scoreboard/nyj.png,152cda978519d382f75c66f168ba2156,215.0,75.0,7.0,102.0,71.0,https://a.espncdn.com/i/headshots/nfldraft/players/full/104835.png,2021,Florida State,SS,75.25,215,,,17.0,32.0,106.0,4.27,7.05,55384,4240030,Florida State,234.0,58.5,101.0,13.0,140.0,35.0,61.0,5.0,94.0,23.5,40.0,6.0,9.0,2.25,3.0,1.0,1.0,0.25,1.0,0.0,3.0,0.75,3.0,0.0,4.0,1.0,2.0,0.0,106.0,26.5,80.0,0.0,1.0,0.25,1.0,0.0
138,2021,105328,Joshuah Bledsoe,Safety,S,Missouri,Tigers,MIZ,http://insider.espn.com/nfl/draft/player/_/id/105328,4.0,188.0,6.0,True,From HOU,New England Patriots,NE,https://a.espncdn.com/i/teamlogos/nfl/500/scoreboard/ne.png,1ef5b2178c2ab534b21d52c5c686948c,204.0,71.0,13.0,174.0,57.0,https://a.espncdn.com/i/headshots/nfldraft/players/full/105328.png,2021,Missouri,FS,71.38,204,,,,,103.0,,,58456,4241199,Missouri,130.0,32.5,49.0,13.0,87.0,21.75,35.0,9.0,43.0,10.75,17.0,4.0,18.0,4.5,10.0,0.0,1.0,0.25,1.0,0.0,2.0,0.5,1.0,0.0,1.0,0.25,1.0,0.0,0.0,0.0,0.0,0.0,0.0,0.0,0.0,0.0
139,2021,104860,Brandin Echols,Cornerback,CB,Kentucky,Wildcats,UK,http://insider.espn.com/nfl/draft/player/_/id/104860,16.0,200.0,6.0,True,From LV,New York Jets,NYJ,https://a.espncdn.com/i/teamlogos/nfl/500/scoreboard/nyj.png,6338c7adee0706e2b921a5b57f96464a,179.0,70.0,27.0,200.0,50.0,https://a.espncdn.com/i/headshots/nfldraft/players/full/104860.png,2021,Kentucky,CB,70.13,179,,4.36,13.0,42.5,136.0,4.12,6.84,59401,4567979,Kentucky,101.0,50.5,54.0,47.0,81.0,40.5,43.0,38.0,20.0,10.0,11.0,9.0,11.0,5.5,9.0,2.0,1.0,0.5,1.0,0.0,2.0,1.0,2.0,0.0,0.0,0.0,0.0,0.0,0.0,0.0,0.0,0.0,0.0,0.0,0.0,0.0
140,2021,105196,Rodarius Williams,Cornerback,CB,Oklahoma State,Cowboys,OKST,http://insider.espn.com/nfl/draft/player/_/id/105196,17.0,201.0,6.0,True,From ARI,New York Giants,NYG,https://a.espncdn.com/i/teamlogos/nfl/500/scoreboard/nyg.png,027af4aaee3f88093926b4716ec50f0a,189.0,72.0,30.0,242.0,38.0,https://a.espncdn.com/i/headshots/nfldraft/players/full/105196.png,2021,Oklahoma State,CB,71.75,189,,4.53,14.0,36.5,123.0,4.18,6.95,61733,4038430,Oklahoma State,169.0,42.25,58.0,18.0,137.0,34.25,48.0,13.0,32.0,8.0,10.0,5.0,31.0,7.75,10.0,6.0,0.0,0.0,0.0,0.0,1.0,0.25,1.0,0.0,2.0,0.5,2.0,0.0,0.0,0.0,0.0,0.0,0.0,0.0,0.0,0.0
141,2021,104875,Damar Hamlin,Safety,S,Pittsburgh,Panthers,PITT,http://insider.espn.com/nfl/draft/player/_/id/104875,28.0,212.0,6.0,True,From NO through HOU,Buffalo Bills,BUF,https://a.espncdn.com/i/teamlogos/nfl/500/scoreboard/buf.png,418fb7080da623a14f46799ef29a83af,200.0,73.0,8.0,118.0,68.0,https://a.espncdn.com/i/headshots/nfldraft/players/full/104875.png,2021,Pittsburgh,FS,72.88,200,,4.6,18.0,35.0,118.0,4.4,6.93,56082,4036060,Pittsburgh,290.0,58.0,90.0,8.0,194.0,38.8,61.0,4.0,96.0,19.2,29.0,4.0,21.0,4.2,10.0,0.0,0.0,0.0,0.0,0.0,0.0,0.0,0.0,0.0,6.0,1.2,2.0,0.0,102.0,20.4,79.0,0.0,0.0,0.0,0.0,0.0
142,2021,105425,Brady Breeze,Safety,S,Oregon,Ducks,ORE,http://insider.espn.com/nfl/draft/player/_/id/105425,31.0,215.0,6.0,True,From KC,Tennessee Titans,TEN,https://a.espncdn.com/i/teamlogos/nfl/500/scoreboard/ten.png,012198b74dea491815fc550ba9acf24e,197.0,72.0,24.0,264.0,35.0,,2021,Oregon,SS,71.75,197,,4.55,20.0,38.0,120.0,4.23,7.03,62821,4038944,Oregon,94.0,31.33333333333333,62.0,9.0,64.0,21.33333333333333,43.0,6.0,30.0,10.0,19.0,3.0,5.0,1.6666666666666667,3.0,0.0,0.0,0.0,0.0,0.0,1.0,0.3333333333333333,1.0,0.0,3.0,1.0,2.0,0.0,32.0,10.666666666666666,32.0,0.0,1.0,0.3333333333333333,1.0,0.0
143,2021,105420,Tay Gowan,Cornerback,CB,UCF,Knights,UCF,http://insider.espn.com/nfl/draft/player/_/id/105420,39.0,223.0,6.0,True,Compensatory Selection From MIN,Arizona Cardinals,ARI,https://a.espncdn.com/i/teamlogos/nfl/500/scoreboard/ari.png,181a807c0649fb90707f553f6caf4254,186.0,73.0,13.0,85.0,74.0,,2021,Central Florida,CB,72.88,186,,4.49,13.0,35.5,118.0,4.27,6.86,54520,4568981,UCF,31.0,31.0,31.0,31.0,22.0,22.0,22.0,22.0,9.0,9.0,9.0,9.0,8.0,8.0,8.0,8.0,0.0,0.0,0.0,0.0,0.0,0.0,0.0,0.0,2.0,2.0,2.0,2.0,18.0,18.0,18.0,18.0,0.0,0.0,0.0,0.0
144,2021,104758,Israel Mukuamu,Cornerback,CB,South Carolina,Gamecocks,SC,http://insider.espn.com/nfl/draft/player/_/id/104758,43.0,227.0,6.0,False,Compensatory Selection,Dallas Cowboys,DAL,https://a.espncdn.com/i/teamlogos/nfl/500/scoreboard/dal.png,d2993b56a90e65e9000ff0969811c363,212.0,76.0,26.0,171.0,57.0,https://a.espncdn.com/i/headshots/nfldraft/players/full/104758.png,2021,South Carolina,CB,76.13,212,,,13.0,36.5,119.0,,,58348,4362855,South Carolina,86.0,28.666666666666668,59.0,10.0,64.0,21.33333333333333,45.0,6.0,22.0,7.333333333333333,14.0,4.0,10.0,3.333333333333333,9.0,0.0,0.0,0.0,0.0,0.0,1.0,0.3333333333333333,1.0,0.0,7.0,2.333333333333333,4.0,1.0,135.0,45.0,56.0,26.0,1.0,0.3333333333333333,1.0,0.0
145,2021,104843,Mark Webb,Safety,S,Georgia,Bulldogs,UGA,http://insider.espn.com/nfl/draft/player/_/id/104843,13.0,241.0,7.0,False,,Los Angeles Chargers,LAC,https://a.espncdn.com/i/teamlogos/nfl/500/scoreboard/lac.png,c382d6f3eff004402235dfa3e966b662,207.0,74.0,19.0,208.0,48.0,https://a.espncdn.com/i/headshots/nfldraft/players/full/104843.png,2021,Georgia,CB,73.5,207,,4.61,,36.5,136.0,4.52,7.3,59821,4259570,Georgia,82.0,20.5,46.0,1.0,49.0,12.25,31.0,0.0,33.0,8.25,15.0,1.0,8.0,2.0,3.0,0.0,0.0,0.0,0.0,0.0,2.0,0.5,2.0,0.0,1.0,0.25,1.0,0.0,13.0,3.25,13.0,0.0,0.0,0.0,0.0,0.0
146,2021,105300,James Wiggins,Safety,S,Cincinnati,Bearcats,CIN,http://insider.espn.com/nfl/draft/player/_/id/105300,16.0,243.0,7.0,False,,Arizona Cardinals,ARI,https://a.espncdn.com/i/teamlogos/nfl/500/scoreboard/ari.png,cb5c32c1630de25e84d6a8345797fd00,209.0,71.0,22.0,224.0,42.0,https://a.espncdn.com/i/headshots/nfldraft/players/full/105300.png,2021,Cincinnati,FS,71.25,209,,4.42,22.0,38.0,127.0,,,60752,4044064,Cincinnati,87.0,29.0,54.0,1.0,62.0,20.666666666666668,36.0,1.0,25.0,8.333333333333334,18.0,0.0,11.0,3.6666666666666665,6.0,0.0,1.0,0.3333333333333333,1.0,0.0,2.0,0.6666666666666666,1.0,0.0,5.0,1.6666666666666667,4.0,0.0,83.0,27.666666666666668,83.0,0.0,1.0,0.3333333333333333,1.0,0.0
147,2021,105455,Chris Wilcox,Cornerback,CB,BYU,Cougars,BYU,http://insider.espn.com/nfl/draft/player/_/id/105455,24.0,251.0,7.0,True,From PIT,Tampa Bay Buccaneers,TB,https://a.espncdn.com/i/teamlogos/nfl/500/scoreboard/tb.png,92b77511822c8286b88ee0f696b698fd,198.0,74.0,43.0,333.0,30.0,,2021,Brigham Young,CB,73.63,198,,4.39,,37.5,126.0,4.3,7.19,65768,4046652,BYU,87.0,17.4,32.0,1.0,67.0,13.4,23.0,1.0,20.0,4.0,9.0,0.0,8.0,1.6,5.0,0.0,0.0,0.0,0.0,0.0,0.0,0.0,0.0,0.0,0.0,0.0,0.0,0.0,0.0,0.0,0.0,0.0,0.0,0.0,0.0,0.0
148,2021,104782,DJ Daniel,Cornerback,CB,Georgia,Bulldogs,UGA,http://insider.espn.com/nfl/draft/player/_/id/104782,,,,,,,,,04b806c87a1978462e08ceede9241f79,195.0,71.75,19.0,117.0,68.0,https://a.espncdn.com/i/headshots/nfldraft/players/full/104782.png,2021,Georgia,CB,71.75,195,,4.62,11.0,31.0,119.0,4.12,7.02,56064,4567961,Georgia,51.0,25.5,42.0,9.0,44.0,22.0,36.0,8.0,7.0,3.5,6.0,1.0,9.0,4.5,8.0,1.0,0.0,0.0,0.0,0.0,0.0,0.0,0.0,0.0,0.0,0.0,0.0,0.0,0.0,0.0,0.0,0.0,0.0,0.0,0.0,0.0
149,2021,105273,Trill Williams,Safety,S,Syracuse,Orange,SYR,http://insider.espn.com/nfl/draft/player/_/id/105273,,,,,,,,,66a559c74802f05249ad6637b28a4b9e,208.0,72.375,9.0,125.0,67.0,https://a.espncdn.com/i/headshots/nfldraft/players/full/105273.png,2021,Syracuse,CB,72.38,208,,4.59,20.0,36.0,123.0,4.27,7.17,56330,4361942,Syracuse,93.0,31.0,38.0,24.0,65.0,21.666666666666668,25.0,15.0,28.0,9.333333333333334,13.0,6.0,6.0,2.0,4.0,0.0,0.0,0.0,0.0,0.0,3.0,1.0,3.0,0.0,4.0,1.3333333333333333,2.0,1.0,134.0,44.66666666666666,90.0,3.0,1.0,0.3333333333333333,1.0,0.0
150,2021,104930,Bryan Mills,Cornerback,CB,North Carolina Central,Eagles,NCCU,http://insider.espn.com/nfl/draft/player/_/id/104930,,,,,,,,,cd9b770644b6796d3a1fc0a95f55572a,174.0,73.125,23.0,151.0,60.0,https://a.espncdn.com/i/headshots/nfldraft/players/full/104930.png,2021,North Carolina Central,CB,73.13,174,,4.6,2.0,37.0,124.0,4.31,7.2,57652,4576072,North Carolina Central,0.0,0.0,0.0,0.0,0.0,0.0,0.0,0.0,0.0,0.0,0.0,0.0,0.0,0.0,0.0,0.0,0.0,0.0,0.0,0.0,0.0,0.0,0.0,0.0,5.0,5.0,5.0,5.0,61.0,61.0,61.0,61.0,0.0,0.0,0.0,0.0
151,2021,104869,Paris Ford,Safety,S,Pittsburgh,Panthers,PITT,http://insider.espn.com/nfl/draft/player/_/id/104869,,,,,,,,,1753f71be3acd382ae1f88c13718308f,197.0,72.625,16.0,196.0,51.0,https://a.espncdn.com/i/headshots/nfldraft/players/full/104869.png,2021,Pittsburgh,SS,72.63,197,,4.85,,28.5,110.0,4.45,7.44,59269,4240705,Pittsburgh,143.0,47.66666666666666,97.0,5.0,93.0,31.0,60.0,3.0,50.0,16.666666666666668,37.0,2.0,14.0,4.666666666666667,11.0,0.0,0.0,0.0,0.0,0.0,3.0,1.0,3.0,0.0,6.0,2.0,3.0,0.0,103.0,34.333333333333336,69.0,0.0,1.0,0.3333333333333333,1.0,0.0
152,2021,104873,Tyler Coyle,Safety,S,Purdue,Boilermakers,PUR,http://insider.espn.com/nfl/draft/player/_/id/104873,,,,,,,,,9ccd711246bbabe44d401191c7503294,209.0,72.5,21.0,214.0,45.0,https://a.espncdn.com/i/headshots/nfldraft/players/full/104873.png,2021,Purdue,SS,72.5,209,,4.41,24.0,39.0,133.0,4.02,7.14,60246,4044079,Purdue,274.0,68.5,108.0,13.0,172.0,43.0,64.0,10.0,102.0,25.5,44.0,3.0,16.0,4.0,10.0,0.0,0.0,0.0,0.0,0.0,2.0,0.5,2.0,0.0,3.0,0.75,2.0,0.0,86.0,21.5,52.0,0.0,2.0,0.5,1.0,0.0
153,2021,104883,Christian Uphoff,Safety,S,Illinois State,Redbirds,ILST,http://insider.espn.com/nfl/draft/player/_/id/104883,,,,,,,,,505d646d78c6625227812d54a046fe2f,209.0,74.0,23.0,232.0,40.0,https://a.espncdn.com/i/headshots/nfldraft/players/full/104883.png,2021,Illinois State,SS,74.0,209,,4.64,17.0,33.0,120.0,4.38,7.09,61203,4052041,Illinois State,8.0,4.0,6.0,2.0,4.0,2.0,2.0,2.0,4.0,2.0,4.0,0.0,2.0,1.0,1.0,1.0,1.0,0.5,1.0,0.0,1.0,0.5,1.0,0.0,3.0,1.5,2.0,1.0,52.0,26.0,52.0,0.0,0.0,0.0,0.0,0.0
154,2021,105320,Jordyn Peters,Safety,S,Auburn,Tigers,AUB,http://insider.espn.com/nfl/draft/player/_/id/105320,,,,,,,,,74a7ef3efd88f084fb449e7a4fa79805,202.0,72.75,26.0,282.0,33.0,https://a.espncdn.com/i/headshots/nfldraft/players/full/105320.png,2021,Auburn,FS,72.75,202,,4.7,7.0,39.5,124.0,4.47,7.14,63477,4242513,Auburn,91.0,22.75,35.0,11.0,54.0,13.5,20.0,11.0,37.0,9.25,15.0,0.0,6.0,1.5,2.0,1.0,2.0,0.5,1.0,0.0,0.0,0.0,0.0,0.0,1.0,0.25,1.0,0.0,35.0,8.75,35.0,0.0,0.0,0.0,0.0,0.0
155,2021,105335,Lorenzo Burns,Cornerback,CB,Arizona,Wildcats,ARIZ,http://insider.espn.com/nfl/draft/player/_/id/105335,,,,,,,,,f4372c85e0e9f2411c1e54dd7487be75,183.0,70.375,36.0,299.0,31.0,https://a.espncdn.com/i/headshots/nfldraft/players/full/105335.png,2021,Arizona,CB,70.38,183,,4.56,14.0,33.5,123.0,4.51,7.55,64225,4039596,Arizona,192.0,38.4,81.0,1.0,142.0,28.4,59.0,1.0,50.0,10.0,22.0,0.0,26.0,5.2,11.0,0.0,2.0,0.4,1.0,0.0,0.0,0.0,0.0,0.0,9.0,1.8,5.0,0.0,87.0,17.4,58.0,0.0,0.0,0.0,0.0,0.0
156,2021,105337,Aashari Crosswell,Safety,S,Arizona State,Sun Devils,ASU,http://insider.espn.com/nfl/draft/player/_/id/105337,,,,,,,,,b597b0771be8a095d330c934bf187bac,205.0,72.0,28.0,301.0,31.0,https://a.espncdn.com/i/headshots/nfldraft/players/full/105337.png,2021,Arizona State,FS,72.25,205,,,,,101.0,,,64315,4360442,Arizona State,93.0,46.5,50.0,43.0,76.0,38.0,41.0,35.0,17.0,8.5,9.0,8.0,19.0,9.5,10.0,9.0,0.0,0.0,0.0,0.0,3.0,1.5,3.0,0.0,6.0,3.0,4.0,2.0,156.0,78.0,127.0,29.0,0.0,0.0,0.0,0.0
157,2021,105434,Mark Gilbert,Cornerback,CB,Duke,Blue Devils,DUKE,http://insider.espn.com/nfl/draft/player/_/id/105434,,,,,,,,,8052d9a3bf1af0c9a1949e2db6722fee,186.0,72.125,37.0,307.0,31.0,,2021,Duke,CB,72.13,186,,4.48,13.0,36.0,130.0,4.38,7.1,64396,4036033,Duke,65.0,16.25,35.0,4.0,44.0,11.0,19.0,4.0,21.0,5.25,16.0,0.0,14.0,3.5,14.0,0.0,0.0,0.0,0.0,0.0,0.0,0.0,0.0,0.0,7.0,1.75,6.0,0.0,7.0,1.75,7.0,0.0,0.0,0.0,0.0,0.0
158,2021,105443,Antonio Phillips,Cornerback,CB,Ball State,Cardinals,BALL,http://insider.espn.com/nfl/draft/player/_/id/105443,,,,,,,,,b597a2dfea89796538be0f33d87eb2b9,193.0,71.375,41.0,322.0,30.0,,2021,Ball State (IN),CB,71.38,193,,,,,116.0,,,65313,4244740,Ball State,129.0,32.25,43.0,19.0,71.0,17.75,23.0,12.0,58.0,14.5,23.0,7.0,17.0,4.25,5.0,3.0,1.0,0.25,1.0,0.0,1.0,0.25,1.0,0.0,7.0,1.75,4.0,0.0,-1.0,-0.25,0.0,-1.0,0.0,0.0,0.0,0.0
159,2021,105468,Donovan Stiner,Safety,S,Florida,Gators,FLA,http://insider.espn.com/nfl/draft/player/_/id/105468,,,,,,,,,d12830501cce353220df8c6bd2b050fc,205.0,73.5,29.0,346.0,30.0,,2021,Florida,SS,73.5,205,,4.58,15.0,34.5,127.0,4.23,7.08,66636,4240599,Florida,142.0,35.5,54.0,9.0,72.0,18.0,28.0,6.0,70.0,17.5,27.0,3.0,3.0,0.75,1.0,0.0,1.0,0.25,1.0,0.0,0.0,0.0,0.0,0.0,6.0,1.5,4.0,0.0,33.0,8.25,33.0,0.0,0.0,0.0,0.0,0.0
