,draft_year,player_id,player_name,position,pos_abbr,school_x,school_name,school_abbr,link,pick,overall,round,traded,trade_note,team,team_abbr,team_logo_espn,guid,weight,height,pos_rk,ovr_rk,grade,player_image,Year,College,POS,Height (in),Weight (lbs),Hand Size (in),Arm Length (in),Wonderlic,40 Yard,Bench Press,Vert Leap (in),Broad Jump (in),Shuttle,3Cone,60Yd Shuttle,Unnamed: 0,alt_player_id,school_y,Total Rushing Attempts,Mean Rushing Attempts,Highest Rushing Attempts,Lowest Rushing Attempts,Total Rushing Yards,Mean Rushing Yards,Highest Rushing Yards,Lowest Rushing Yards,Total Yards Per Rush Attempt,Mean Yards Per Rush Attempt,Highest Yards Per Rush Attempt,Lowest Yards Per Rush Attempt,Total Rushing Touchdowns,Mean Rushing Touchdowns,Highest Rushing Touchdowns,Lowest Rushing Touchdowns,Total Long Rushing,Mean Long Rushing,Highest Long Rushing,Lowest Long Rushing,Total Receptions,Mean Receptions,Highest Receptions,Lowest Receptions,Total Receiving Yards,Mean Receiving Yards,Highest Receiving Yards,Lowest Receiving Yards,Total Yards Per Reception,Mean Yards Per Reception,Highest Yards Per Reception,Lowest Yards Per Reception,Total Long Reception,Mean Long Reception,Highest Long Reception,Lowest Long Reception,Total Receiving Touchdowns,Mean Receiving Touchdowns,Highest Receiving Touchdowns,Lowest Receiving Touchdowns
0,2016,50029,Devontae Booker,Running Back,RB,Utah,Utes,UTAH,http://insider.espn.com/nfl/draft/player/_/id/50029,38.0,136.0,4.0,False,Compensatory,Denver Broncos,DEN,https://a.espncdn.com/i/teamlogos/nfl/500/scoreboard/den.png,76cd13cf89731508fe35ce29c52eb14c,219.0,71.0,4.0,85.0,74.0,,2016.0,Utah,RB,70.75,219.0,8.63,31.63,,,22.0,,,,,,594,3122866,Utah,560.0,280.0,292.0,268.0,2773.0,1386.5,1512.0,1261.0,9.9,4.95,5.2,4.7,42.0,10.5,11.0,10.0,138.0,69.0,76.0,62.0,80.0,40.0,43.0,37.0,624.0,312.0,318.0,306.0,15.7,7.85,8.6,7.1,104.0,52.0,61.0,43.0,4.0,1.0,2.0,0.0
1,2017,51575,Christian McCaffrey,Running Back,RB,Stanford,Cardinal,STAN,http://insider.espn.com/nfl/draft/player/_/id/51575,8.0,8.0,1.0,False,,Carolina Panthers,CAR,https://a.espncdn.com/i/teamlogos/nfl/500/scoreboard/car.png,db08ac19dbd9a7765885de1fe6830bc2,202.0,71.0,2.0,9.0,92.0,https://a.espncdn.com/i/headshots/nfldraft/players/full/51575.png,2017.0,Stanford,RB,71.25,202.0,9.0,30.0,21.0,4.48,10.0,37.5,121.0,4.22,6.57,11.03,1060,3117251,Stanford,632.0,210.66666666666663,337.0,42.0,3922.0,1307.3333333333333,2019.0,300.0,19.4,6.466666666666666,7.1,6.0,42.0,7.0,13.0,0.0,197.0,65.66666666666667,90.0,37.0,99.0,33.0,45.0,17.0,1206.0,402.0,645.0,251.0,37.5,12.5,14.8,8.4,183.0,61.0,75.0,52.0,20.0,3.333333333333333,5.0,2.0
2,2017,51658,Dalvin Cook,Running Back,RB,Florida State,Seminoles,FSU,http://insider.espn.com/nfl/draft/player/_/id/51658,9.0,41.0,2.0,True,From CIN,Minnesota Vikings,MIN,https://a.espncdn.com/i/teamlogos/nfl/500/scoreboard/min.png,3115fc25071e5cc433d3b04746c5452b,210.0,70.0,3.0,17.0,90.0,https://a.espncdn.com/i/headshots/nfldraft/players/full/51658.png,2017.0,Florida State,RB,71.13,210.0,9.25,32.38,,4.49,22.0,30.5,116.0,4.53,7.27,,1893,3116593,Florida State,687.0,229.0,288.0,170.0,4464.0,1488.0,1765.0,1008.0,19.4,6.466666666666666,7.4,5.9,92.0,15.333333333333334,19.0,8.0,213.0,71.0,94.0,44.0,79.0,26.33333333333333,33.0,22.0,935.0,311.6666666666667,488.0,203.0,34.2,11.4,14.8,9.2,125.0,41.66666666666666,59.0,30.0,4.0,0.6666666666666666,1.0,0.0
3,2017,51716,D'Onta Foreman,Running Back,RB,Texas,Longhorns,TEX,http://insider.espn.com/nfl/draft/player/_/id/51716,25.0,89.0,3.0,False,,Houston Texans,HOU,https://a.espncdn.com/i/teamlogos/nfl/500/scoreboard/hou.png,2fd793f2c8e675545efabb8695f4e178,233.0,72.0,8.0,103.0,73.0,https://a.espncdn.com/i/headshots/nfldraft/players/full/51716.png,2017.0,Texas,RB,72.25,233.0,10.13,31.38,,4.49,18.0,32.0,118.0,4.28,7.3,,2544,3125116,Texas,433.0,144.33333333333334,323.0,15.0,2782.0,927.3333333333334,2028.0,73.0,18.4,6.133333333333334,7.2,4.9,40.0,8.0,15.0,0.0,201.0,67.0,93.0,34.0,13.0,4.333333333333333,7.0,1.0,146.0,48.66666666666666,75.0,7.0,30.5,10.166666666666666,12.8,7.0,50.0,16.666666666666668,22.0,7.0,0.0,0.0,0.0,0.0
4,2017,51901,Joe Williams,Running Back,RB,Utah,Utes,UTAH,http://insider.espn.com/nfl/draft/player/_/id/51901,15.0,121.0,4.0,True,From IND,San Francisco 49ers,SF,https://a.espncdn.com/i/teamlogos/nfl/500/scoreboard/sf.png,987aa53092fea21a8267d0389564afa1,210.0,71.0,17.0,184.0,54.0,https://a.espncdn.com/i/headshots/nfldraft/players/full/51901.png,2017.0,Utah,RB,70.75,210.0,9.38,30.75,,4.41,14.0,35.0,125.0,4.19,7.19,,2778,3912576,Utah,314.0,157.0,210.0,104.0,1884.0,942.0,1407.0,477.0,11.3,5.65,6.7,4.6,26.0,6.5,10.0,3.0,146.0,73.0,82.0,64.0,20.0,10.0,11.0,9.0,191.0,95.5,107.0,84.0,19.5,9.75,11.9,7.6,72.0,36.0,56.0,16.0,0.0,0.0,0.0,0.0
5,2017,51792,Marlon Mack,Running Back,RB,South Florida,Bulls,USF,http://insider.espn.com/nfl/draft/player/_/id/51792,37.0,143.0,4.0,True,Compensatory from SF,Indianapolis Colts,IND,https://a.espncdn.com/i/teamlogos/nfl/500/scoreboard/ind.png,e93b278dcd9446cc6a21aa2fdbe1bdab,213.0,71.0,13.0,148.0,61.0,https://a.espncdn.com/i/headshots/nfldraft/players/full/51792.png,2017.0,South Florida,RB,70.75,213.0,9.0,32.0,,4.5,15.0,35.5,125.0,4.22,,11.03,2888,3139605,South Florida,586.0,195.33333333333331,210.0,174.0,3609.0,1203.0,1381.0,1041.0,18.6,6.2,6.8,5.2,64.0,10.666666666666666,15.0,8.0,219.0,73.0,85.0,59.0,65.0,21.666666666666668,28.0,16.0,498.0,166.0,227.0,111.0,22.6,7.533333333333334,8.1,6.9,76.0,25.33333333333333,37.0,19.0,2.0,0.3333333333333333,1.0,0.0
6,2017,51785,Brian Hill,Running Back,RB,Wyoming,Cowboys,WYO,http://insider.espn.com/nfl/draft/player/_/id/51785,12.0,156.0,5.0,True,From BUF,Atlanta Falcons,ATL,https://a.espncdn.com/i/teamlogos/nfl/500/scoreboard/atl.png,dcfe9e1924064b12f2386fad3cea548c,219.0,73.0,18.0,189.0,52.0,https://a.espncdn.com/i/headshots/nfldraft/players/full/51785.png,2017.0,Wyoming,RB,72.63,219.0,8.88,31.38,,4.54,15.0,34.0,125.0,4.32,7.03,,2954,3125403,Wyoming,775.0,258.3333333333333,349.0,145.0,4287.0,1429.0,1860.0,796.0,16.6,5.533333333333334,5.8,5.3,70.0,11.666666666666666,22.0,6.0,227.0,75.66666666666667,89.0,66.0,41.0,13.666666666666666,20.0,8.0,403.0,134.33333333333334,204.0,67.0,30.7,10.233333333333333,15.7,6.6,80.0,26.666666666666668,40.0,19.0,0.0,0.0,0.0,0.0
7,2017,51786,Jeremy McNichols,Running Back,RB,Boise State,Broncos,BSU,http://insider.espn.com/nfl/draft/player/_/id/51786,18.0,162.0,5.0,False,,Tampa Bay Buccaneers,TB,https://a.espncdn.com/i/teamlogos/nfl/500/scoreboard/tb.png,e2bd9cd85559f8754155a2a784c2df4c,214.0,69.0,14.0,153.0,60.0,https://a.espncdn.com/i/headshots/nfldraft/players/full/51786.png,2017.0,Boise State,RB,68.63,214.0,10.0,31.5,,4.49,,35.5,121.0,4.28,6.93,,3038,3127586,Boise State,571.0,190.33333333333331,314.0,17.0,3205.0,1068.3333333333333,1709.0,159.0,20.4,6.8,9.4,5.4,88.0,14.666666666666666,23.0,1.0,196.0,65.33333333333333,88.0,28.0,103.0,34.333333333333336,51.0,15.0,1089.0,363.0,474.0,155.0,32.1,10.7,12.8,9.0,157.0,52.333333333333336,76.0,40.0,22.0,3.6666666666666665,6.0,1.0
8,2017,52068,Devante Mays,Running Back,RB,Utah State,Aggies,USU,http://insider.espn.com/nfl/draft/player/_/id/52068,20.0,238.0,7.0,True,From DEN,Green Bay Packers,GB,https://a.espncdn.com/i/teamlogos/nfl/500/scoreboard/gb.png,9bde823245001108a39458f25e80f64a,230.0,70.0,55.0,,30.0,,2017.0,Utah State,RB,70.38,230.0,8.63,31.75,,4.55,20.0,39.5,127.0,4.57,7.52,,3500,3918026,Utah State,202.0,101.0,165.0,37.0,1225.0,612.5,966.0,259.0,12.9,6.45,7.0,5.9,24.0,6.0,9.0,3.0,127.0,63.5,66.0,61.0,2.0,1.0,1.0,1.0,17.0,8.5,9.0,8.0,17.0,8.5,9.0,8.0,17.0,8.5,9.0,8.0,0.0,0.0,0.0,0.0
9,2017,51787,Elijah Hood,Running Back,RB,North Carolina,Tar Heels,UNC,http://insider.espn.com/nfl/draft/player/_/id/51787,24.0,242.0,7.0,False,,Oakland Raiders,OAK,https://a.espncdn.com/i/teamlogos/nfl/500/scoreboard/oak.png,4e6135a2286b0387c3c7b9958caf6eb5,232.0,71.0,28.0,289.0,37.0,https://a.espncdn.com/i/headshots/nfldraft/players/full/51787.png,2017.0,North Carolina,RB,71.75,232.0,9.38,30.38,,4.6,18.0,30.5,111.0,4.34,7.21,,3580,3116690,North Carolina,431.0,143.66666666666666,219.0,67.0,2580.0,860.0,1463.0,259.0,16.5,5.5,6.7,3.9,58.0,9.666666666666666,17.0,4.0,152.0,50.66666666666666,67.0,23.0,40.0,13.333333333333334,25.0,2.0,211.0,70.33333333333333,142.0,-2.0,10.2,3.4,5.7,-1.0,46.0,15.333333333333334,31.0,1.0,0.0,0.0,0.0,0.0
10,2017,51904,Christopher Carson,Running Back,RB,Oklahoma State,Cowboys,OKST,http://insider.espn.com/nfl/draft/player/_/id/51904,31.0,249.0,7.0,True,From ATL,Seattle Seahawks,SEA,https://a.espncdn.com/i/teamlogos/nfl/500/scoreboard/sea.png,725bc831769e86fbc2b65fc64d62aa43,218.0,72.0,32.0,,30.0,https://a.espncdn.com/i/headshots/nfldraft/players/full/51904.png,2017.0,Oklahoma State,RB,72.25,218.0,9.63,33.25,,4.58,23.0,37.0,130.0,4.32,7.62,,3664,3919596,Oklahoma State,213.0,106.5,131.0,82.0,1076.0,538.0,559.0,517.0,10.7,5.35,6.8,3.9,26.0,6.5,9.0,4.0,52.0,26.0,26.0,26.0,30.0,15.0,17.0,13.0,298.0,149.0,170.0,128.0,19.8,9.9,10.0,9.8,46.0,23.0,28.0,18.0,2.0,0.5,1.0,0.0
11,2017,52096,Stanley Williams,Running Back,RB,Kentucky,Wildcats,UK,http://insider.espn.com/nfl/draft/player/_/id/52096,,,,,,,,,2054c7d690b1e26329b0846c929263a1,190.0,67.5,30.0,319.0,34.0,https://a.espncdn.com/i/headshots/nfldraft/players/full/52096.png,2017.0,Kentucky,RB,67.13,190.0,8.63,30.0,,4.43,18.0,36.0,121.0,4.18,6.86,,4093,3126338,Kentucky,366.0,122.0,171.0,74.0,2511.0,837.0,1170.0,486.0,20.5,6.833333333333333,7.1,6.6,36.0,6.0,7.0,5.0,196.0,65.33333333333333,75.0,58.0,38.0,12.666666666666666,17.0,8.0,292.0,97.33333333333331,162.0,56.0,22.2,7.399999999999999,9.5,5.7,69.0,23.0,32.0,15.0,4.0,0.6666666666666666,1.0,0.0
12,2018,101507,Saquon Barkley,Running Back,RB,Penn State,Nittany Lions,PSU,http://insider.espn.com/nfl/draft/player/_/id/101507,2.0,2.0,1.0,False,,New York Giants,NYG,https://a.espncdn.com/i/teamlogos/nfl/500/scoreboard/nyg.png,94486c18dd3e6081a3fe4a26b71ddcdc,233.0,72.0,1.0,1.0,97.0,https://a.espncdn.com/i/headshots/nfldraft/players/full/101507.png,2018.0,Penn State,RB,72.0,233.0,9.5,31.38,,4.4,29.0,41.0,,4.24,,,4168,3929630,Penn State,671.0,223.66666666666663,272.0,182.0,3843.0,1281.0,1496.0,1076.0,17.3,5.766666666666667,5.9,5.5,86.0,14.333333333333334,18.0,7.0,229.0,76.33333333333333,92.0,56.0,102.0,34.0,54.0,20.0,1195.0,398.3333333333333,632.0,161.0,34.2,11.4,14.4,8.1,161.0,53.66666666666666,85.0,32.0,16.0,2.6666666666666665,4.0,1.0
13,2018,101710,Rashaad Penny,Running Back,RB,San Diego State,Aztecs,SDSU,http://insider.espn.com/nfl/draft/player/_/id/101710,27.0,27.0,1.0,True,From GB thru NO,Seattle Seahawks,SEA,https://a.espncdn.com/i/teamlogos/nfl/500/scoreboard/sea.png,b4a4f3cb54e04903043e9c8b1004d506,220.0,71.0,5.0,47.0,84.0,https://a.espncdn.com/i/headshots/nfldraft/players/full/101710.png,2018.0,San Diego State,RB,71.0,220.0,9.25,31.25,,4.46,13.0,32.5,120.0,,,,5406,3139925,San Diego State,487.0,97.4,289.0,0.0,3643.0,728.6,2248.0,0.0,32.2,6.44,11.0,0.0,76.0,8.444444444444445,23.0,0.0,244.0,48.8,95.0,0.0,42.0,14.0,19.0,8.0,479.0,159.66666666666666,224.0,120.0,37.0,12.333333333333334,15.0,7.1,107.0,35.666666666666664,41.0,33.0,13.0,1.8571428571428568,3.0,1.0
14,2018,101712,Sony Michel,Running Back,RB,Georgia,Bulldogs,UGA,http://insider.espn.com/nfl/draft/player/_/id/101712,31.0,31.0,1.0,False,,New England Patriots,NE,https://a.espncdn.com/i/teamlogos/nfl/500/scoreboard/ne.png,818a3ae0b28b48a39c0e479ed964c78a,214.0,71.0,2.0,31.0,87.0,https://a.espncdn.com/i/headshots/nfldraft/players/full/101712.png,2018.0,Georgia,RB,70.63,214.0,9.13,31.25,,4.54,22.0,,,4.21,,,5622,3128721,Georgia,591.0,147.75,219.0,64.0,3638.0,909.5,1227.0,410.0,25.1,6.275,7.9,5.3,66.0,8.25,16.0,4.0,258.0,64.5,75.0,42.0,64.0,16.0,26.0,7.0,621.0,155.25,270.0,96.0,43.0,10.75,15.1,6.8,146.0,36.5,48.0,32.0,12.0,1.5,3.0,1.0
15,2018,101549,Nick Chubb,Running Back,RB,Georgia,Bulldogs,UGA,http://insider.espn.com/nfl/draft/player/_/id/101549,3.0,35.0,2.0,True,From HOU,Cleveland Browns,CLE,https://a.espncdn.com/i/teamlogos/nfl/500/scoreboard/cle.png,42e73a6db7dfa3f4ada30ce6de201072,227.0,71.0,3.0,34.0,86.0,https://a.espncdn.com/i/headshots/nfldraft/players/full/101549.png,2018.0,Georgia,RB,70.88,227.0,9.63,32.0,,4.52,29.0,38.5,128.0,4.25,7.09,,5833,3128720,Georgia,758.0,189.5,224.0,92.0,4769.0,1192.25,1547.0,747.0,26.2,6.55,8.1,5.0,88.0,11.0,15.0,7.0,276.0,69.0,83.0,55.0,31.0,7.75,18.0,4.0,361.0,90.25,213.0,30.0,44.5,11.125,17.2,7.5,111.0,27.75,49.0,11.0,8.0,1.0,2.0,0.0
16,2018,101522,Kerryon Johnson,Running Back,RB,Auburn,Tigers,AUB,http://insider.espn.com/nfl/draft/player/_/id/101522,11.0,43.0,2.0,True,From NE thru SF,Detroit Lions,DET,https://a.espncdn.com/i/teamlogos/nfl/500/scoreboard/det.png,bd23bf66851aa4abf1b7921a09ec90d8,213.0,72.0,7.0,79.0,75.0,https://a.espncdn.com/i/headshots/nfldraft/players/full/101522.png,2018.0,Auburn,RB,71.5,213.0,9.75,32.5,,4.55,11.0,40.0,126.0,4.29,7.07,,6192,3916925,Auburn,519.0,173.0,285.0,52.0,2494.0,831.3333333333334,1391.0,208.0,13.8,4.6000000000000005,4.9,4.0,64.0,10.666666666666666,18.0,3.0,126.0,42.0,60.0,19.0,55.0,18.33333333333333,24.0,14.0,478.0,159.33333333333334,194.0,125.0,26.9,8.966666666666667,11.4,7.4,129.0,43.0,55.0,37.0,4.0,0.6666666666666666,2.0,0.0
17,2018,101514,Derrius Guice,Running Back,RB,LSU,Tigers,LSU,http://insider.espn.com/nfl/draft/player/_/id/101514,27.0,59.0,2.0,True,From SF thru NO,Washington Redskins,WSH,https://a.espncdn.com/i/teamlogos/nfl/500/scoreboard/wsh.png,737d49b926bbac3e8b703b24f836a56b,224.0,71.0,4.0,35.0,86.0,https://a.espncdn.com/i/headshots/nfldraft/players/full/101514.png,2018.0,Louisiana State,RB,70.5,224.0,9.75,30.75,,4.49,15.0,31.5,,,,,6914,3843750,LSU,471.0,157.0,237.0,51.0,3074.0,1024.6666666666667,1387.0,436.0,21.4,7.133333333333334,8.5,5.3,58.0,9.666666666666666,15.0,3.0,205.0,68.33333333333333,96.0,50.0,32.0,10.666666666666666,18.0,5.0,250.0,83.33333333333333,124.0,20.0,22.700000000000003,7.566666666666667,11.8,4.0,59.0,19.666666666666668,29.0,10.0,6.0,1.0,2.0,0.0
18,2018,101573,Royce Freeman,Running Back,RB,Oregon,Ducks,ORE,http://insider.espn.com/nfl/draft/player/_/id/101573,7.0,71.0,3.0,False,,Denver Broncos,DEN,https://a.espncdn.com/i/teamlogos/nfl/500/scoreboard/den.png,731544c10c451ed74dbcad917b8926d9,229.0,72.0,8.0,90.0,73.0,https://a.espncdn.com/i/headshots/nfldraft/players/full/101573.png,2018.0,Oregon,RB,71.5,229.0,9.5,32.0,,4.54,17.0,34.0,118.0,4.16,6.9,11.64,7400,3122672,Oregon,947.0,236.75,283.0,168.0,5621.0,1405.25,1836.0,945.0,23.5,5.875,6.5,5.4,120.0,15.0,18.0,9.0,246.0,61.5,85.0,38.0,79.0,19.75,26.0,14.0,814.0,203.5,348.0,144.0,41.3,10.325,13.4,6.3,140.0,35.0,50.0,24.0,8.0,1.0,2.0,0.0
19,2018,101790,Nyheim Hines,Running Back,RB,NC State,Wolfpack,NCST,http://insider.espn.com/nfl/draft/player/_/id/101790,4.0,104.0,4.0,False,,Indianapolis Colts,IND,https://a.espncdn.com/i/teamlogos/nfl/500/scoreboard/ind.png,7818f7f51cf178c8ccfb12e6fab89bb7,198.0,68.0,10.0,112.0,69.0,https://a.espncdn.com/i/headshots/nfldraft/players/full/101790.png,2018.0,North Carolina State,RB,68.38,198.0,8.88,30.75,,4.38,9.0,35.5,119.0,4.35,7.18,,8404,3916430,NC State,258.0,86.0,197.0,13.0,1399.0,466.3333333333333,1112.0,44.0,14.1,4.7,5.6,3.4,26.0,4.333333333333333,12.0,0.0,135.0,45.0,83.0,14.0,89.0,29.666666666666668,43.0,20.0,933.0,311.0,525.0,152.0,30.8,10.266666666666667,12.8,5.8,142.0,47.333333333333336,58.0,28.0,2.0,0.3333333333333333,1.0,0.0
20,2018,101600,Mark Walton,Running Back,RB,Miami,Hurricanes,MIAMI,http://insider.espn.com/nfl/draft/player/_/id/101600,12.0,112.0,4.0,False,,Cincinnati Bengals,CIN,https://a.espncdn.com/i/teamlogos/nfl/500/scoreboard/cin.png,e81d80c1274c2ca8e875d06a357d0aca,202.0,70.0,9.0,97.0,71.0,https://a.espncdn.com/i/headshots/nfldraft/players/full/101600.png,2018.0,Miami (FL),RB,69.63,202.0,9.25,30.0,,4.6,18.0,31.5,118.0,4.49,7.09,,8741,3917846,Miami,394.0,131.33333333333334,209.0,56.0,1995.0,665.0,1117.0,428.0,16.4,5.466666666666666,7.6,3.5,52.0,8.666666666666666,14.0,3.0,189.0,63.0,82.0,27.0,56.0,18.666666666666668,27.0,7.0,624.0,208.0,293.0,91.0,35.2,11.733333333333334,13.3,8.9,110.0,36.66666666666666,41.0,30.0,4.0,0.6666666666666666,1.0,0.0
21,2018,101583,Kalen Ballage,Running Back,RB,Arizona State,Sun Devils,ASU,http://insider.espn.com/nfl/draft/player/_/id/101583,31.0,131.0,4.0,True,From NE thru PHI,Miami Dolphins,MIA,https://a.espncdn.com/i/teamlogos/nfl/500/scoreboard/mia.png,ca7fc01070b34c43550f43953350b91b,228.0,74.0,11.0,121.0,68.0,https://a.espncdn.com/i/headshots/nfldraft/players/full/101583.png,2018.0,Arizona State,RB,73.5,228.0,9.5,32.75,,4.46,15.0,33.5,122.0,4.35,6.91,,9567,3128774,Arizona State,450.0,112.5,157.0,42.0,1984.0,496.0,669.0,126.0,16.8,4.2,5.2,3.0,54.0,6.75,14.0,3.0,187.0,46.75,75.0,12.0,82.0,20.5,44.0,6.0,684.0,171.0,469.0,60.0,31.0,7.75,10.7,4.6,135.0,33.75,71.0,10.0,4.0,0.5,1.0,0.0
22,2018,102744,Chase Edmonds,Running Back,RB,Fordham,Rams,FOR,http://insider.espn.com/nfl/draft/player/_/id/102744,34.0,134.0,4.0,False,Compensatory,Arizona Cardinals,ARI,https://a.espncdn.com/i/teamlogos/nfl/500/scoreboard/ari.png,cdee13936b7c6d315bec7034dad6f3a4,205.0,69.0,,,,,2018.0,Fordham (NY),RB,69.13,205.0,9.13,31.13,,4.55,19.0,34.0,122.0,4.07,6.79,11.63,9735,3119195,Fordham,0.0,0.0,0.0,0.0,0.0,0.0,0.0,0.0,0.0,0.0,0.0,0.0,67.0,8.375,23.0,0.0,0.0,0.0,0.0,0.0,0.0,,,,0.0,,,,0.0,,,,0.0,,,,7.0,1.75,5.0,0.0
23,2018,101777,John Kelly,Running Back,RB,Tennessee,Volunteers,TENN,http://insider.espn.com/nfl/draft/player/_/id/101777,2.0,176.0,6.0,True,From NYG,Los Angeles Rams,LAR,https://a.espncdn.com/i/teamlogos/nfl/500/scoreboard/lar.png,1f0f698b669b979892cf277355a52a41,216.0,70.0,13.0,159.0,60.0,https://a.espncdn.com/i/headshots/nfldraft/players/full/101777.png,2018.0,Tennessee,RB,69.88,216.0,9.38,31.38,,4.67,15.0,35.0,120.0,4.51,7.13,,10889,3915381,Tennessee,327.0,109.0,189.0,40.0,1573.0,524.3333333333334,778.0,165.0,14.6,4.866666666666666,6.4,4.1,30.0,5.0,9.0,1.0,133.0,44.333333333333336,73.0,22.0,43.0,21.5,37.0,6.0,350.0,175.0,299.0,51.0,16.6,8.3,8.5,8.1,69.0,34.5,52.0,17.0,0.0,0.0,0.0,0.0
24,2018,101539,Bo Scarbrough,Running Back,RB,Alabama,Crimson Tide,ALA,http://insider.espn.com/nfl/draft/player/_/id/101539,18.0,236.0,7.0,False,,Dallas Cowboys,DAL,https://a.espncdn.com/i/teamlogos/nfl/500/scoreboard/dal.png,0393b73d1520de544481d89989c0a1fd,228.0,73.0,14.0,165.0,59.0,https://a.espncdn.com/i/headshots/nfldraft/players/full/101539.png,2018.0,Alabama,RB,73.38,228.0,10.5,33.5,,4.52,14.0,40.0,129.0,4.34,,,12239,3126367,Alabama,267.0,89.0,125.0,18.0,1512.0,504.0,812.0,104.0,17.1,5.7,6.5,4.8,40.0,6.666666666666667,11.0,1.0,153.0,51.0,85.0,24.0,21.0,10.5,17.0,4.0,131.0,65.5,109.0,22.0,11.9,5.95,6.4,5.5,24.0,12.0,15.0,9.0,0.0,0.0,0.0,0.0
25,2018,101849,Josh Adams,Running Back,RB,Notre Dame,Fighting Irish,ND,http://insider.espn.com/nfl/draft/player/_/id/101849,,,,,,,,,fe796f09666d57cd6fb11a7efdb8d0d6,213.0,73.625,16.0,196.0,54.0,https://a.espncdn.com/i/headshots/nfldraft/players/full/101849.png,2018.0,Notre Dame,RB,73.63,213.0,9.25,33.75,,4.54,18.0,33.0,120.0,,6.87,,13508,3932420,Notre Dame,481.0,160.33333333333334,206.0,117.0,3198.0,1066.0,1430.0,835.0,19.9,6.633333333333333,7.1,5.9,40.0,6.666666666666667,9.0,5.0,256.0,85.33333333333333,98.0,74.0,41.0,13.666666666666666,21.0,7.0,336.0,112.0,193.0,42.0,23.0,7.666666666666667,9.2,6.0,98.0,32.666666666666664,44.0,22.0,4.0,0.6666666666666666,1.0,0.0
26,2018,101768,Ryan Nall,Running Back,RB,Oregon State,Beavers,ORST,http://insider.espn.com/nfl/draft/player/_/id/101768,,,,,,,,,64e564e28c0fa31705c132f649d27d9b,232.0,74.125,21.0,299.0,35.0,https://a.espncdn.com/i/headshots/nfldraft/players/full/101768.png,2018.0,Oregon State,RB,74.13,232.0,10.5,31.5,,4.58,15.0,33.0,122.0,4.16,6.95,11.57,14894,3127335,Oregon State,385.0,128.33333333333334,165.0,73.0,2216.0,738.6666666666666,951.0,455.0,17.6,5.866666666666667,6.5,4.9,48.0,8.0,13.0,3.0,230.0,76.66666666666667,89.0,66.0,56.0,18.666666666666668,27.0,7.0,563.0,187.66666666666663,240.0,109.0,34.2,11.4,15.6,8.9,122.0,40.66666666666666,44.0,37.0,8.0,1.3333333333333333,2.0,0.0
27,2019,103839,Josh Jacobs,Running Back,RB,Alabama,Crimson Tide,ALA,http://insider.espn.com/nfl/draft/player/_/id/103839,24.0,24.0,1.0,True,From CHI,Oakland Raiders,OAK,https://a.espncdn.com/i/teamlogos/nfl/500/scoreboard/oak.png,a83b6715f018aedf190ef77f026c7e4a,220.0,70.0,1.0,23.0,89.0,https://a.espncdn.com/i/headshots/nfldraft/players/full/103839.png,2019.0,Alabama,RB,70.0,220.0,10.13,31.63,,4.67,16.0,34.0,110.0,,,,16351,4047365,Alabama,252.0,84.0,120.0,46.0,1488.0,496.0,640.0,284.0,18.1,6.033333333333334,6.6,5.3,32.0,5.333333333333333,11.0,1.0,160.0,53.333333333333336,59.0,45.0,48.0,16.0,20.0,14.0,581.0,193.66666666666663,247.0,166.0,36.3,12.1,12.4,11.9,101.0,33.666666666666664,38.0,30.0,10.0,1.6666666666666667,3.0,0.0
28,2019,103596,Miles Sanders,Running Back,RB,Penn State,Nittany Lions,PSU,http://insider.espn.com/nfl/draft/player/_/id/103596,21.0,53.0,2.0,True,From BAL,Philadelphia Eagles,PHI,https://a.espncdn.com/i/teamlogos/nfl/500/scoreboard/phi.png,c9d42ca5012049e17889de762f2a665f,211.0,71.0,2.0,42.0,85.0,,2019.0,Penn State,RB,70.63,211.0,9.25,30.63,,4.49,20.0,36.0,124.0,4.19,6.89,,17539,4045163,Penn State,276.0,92.0,220.0,25.0,1649.0,549.6666666666666,1274.0,184.0,19.4,6.466666666666668,7.4,5.8,24.0,4.0,9.0,1.0,166.0,55.333333333333336,78.0,31.0,32.0,10.666666666666666,24.0,2.0,193.0,64.33333333333333,139.0,24.0,22.8,7.6,12.0,5.0,57.0,19.0,29.0,7.0,2.0,0.3333333333333333,1.0,0.0
29,2019,103841,Darrell Henderson,Running Back,RB,Memphis,Tigers,MEM,http://insider.espn.com/nfl/draft/player/_/id/103841,6.0,70.0,3.0,True,From TB,Los Angeles Rams,LAR,https://a.espncdn.com/i/teamlogos/nfl/500/scoreboard/lar.png,a513c90099b715857bddc1fd4ba5e506,208.0,68.0,8.0,125.0,68.0,https://a.espncdn.com/i/headshots/nfldraft/players/full/103841.png,2019.0,Memphis,RB,68.38,208.0,8.63,31.0,,4.49,22.0,33.5,121.0,4.45,7.12,,18482,4039359,Memphis,431.0,143.66666666666666,214.0,87.0,3545.0,1181.6666666666667,1909.0,482.0,23.3,7.766666666666667,8.9,5.5,72.0,12.0,22.0,5.0,209.0,69.66666666666667,82.0,45.0,63.0,21.0,24.0,19.0,758.0,252.66666666666663,295.0,226.0,36.8,12.266666666666666,15.5,9.4,162.0,54.0,71.0,45.0,16.0,2.6666666666666665,3.0,2.0
30,2019,103573,David Montgomery,Running Back,RB,Iowa State,Cyclones,ISU,http://insider.espn.com/nfl/draft/player/_/id/103573,9.0,73.0,3.0,True,From NE via DET,Chicago Bears,CHI,https://a.espncdn.com/i/teamlogos/nfl/500/scoreboard/chi.png,c9be5cd24e6a86b13c08ab4e44e6b3bf,222.0,70.0,4.0,79.0,75.0,https://a.espncdn.com/i/headshots/nfldraft/players/full/103573.png,2019.0,Iowa State,RB,70.13,222.0,9.25,31.38,,4.63,15.0,28.5,121.0,4.27,7.21,,18693,4035538,Iowa State,624.0,208.0,258.0,109.0,2925.0,975.0,1216.0,563.0,14.3,4.766666666666667,5.2,4.4,52.0,8.666666666666666,13.0,2.0,148.0,49.333333333333336,58.0,39.0,71.0,23.666666666666668,36.0,13.0,582.0,194.0,296.0,129.0,25.200000000000003,8.4,9.9,7.1,127.0,42.333333333333336,53.0,28.0,0.0,0.0,0.0,0.0
31,2019,103678,Devin Singletary,Running Back,RB,Florida Atlantic,Owls,FAU,http://insider.espn.com/nfl/draft/player/_/id/103678,10.0,74.0,3.0,False,,Buffalo Bills,BUF,https://a.espncdn.com/i/teamlogos/nfl/500/scoreboard/buf.png,6e8f4728f347ab079112a1528d0162d7,203.0,68.0,9.0,141.0,65.0,https://a.espncdn.com/i/headshots/nfldraft/players/full/103678.png,2019.0,Florida Atlantic,RB,67.63,203.0,8.5,28.88,,4.66,15.0,35.0,117.0,4.4,7.32,,18760,4040761,Florida Atlantic,714.0,238.0,301.0,152.0,4289.0,1429.6666666666667,1920.0,1021.0,18.3,6.1000000000000005,6.7,5.2,131.0,21.83333333333333,32.0,12.0,180.0,60.0,70.0,44.0,51.0,17.0,26.0,6.0,397.0,132.33333333333334,198.0,36.0,22.7,7.566666666666666,10.4,6.0,121.0,40.333333333333336,60.0,13.0,2.0,0.3333333333333333,1.0,0.0
32,2019,103533,Damien Harris,Running Back,RB,Alabama,Crimson Tide,ALA,http://insider.espn.com/nfl/draft/player/_/id/103533,23.0,87.0,3.0,True,From CHI,New England Patriots,NE,https://a.espncdn.com/i/teamlogos/nfl/500/scoreboard/ne.png,50ede3e9a23a2291054907d4e73aadc3,216.0,70.0,6.0,108.0,70.0,https://a.espncdn.com/i/headshots/nfldraft/players/full/103533.png,2019.0,Alabama,RB,70.13,216.0,9.75,30.75,,4.57,16.0,37.0,121.0,,,,19316,3925347,Alabama,476.0,119.0,150.0,46.0,3073.0,768.25,1040.0,157.0,23.8,5.95,7.4,3.4,46.0,5.75,11.0,1.0,262.0,65.5,75.0,41.0,52.0,13.0,22.0,4.0,407.0,101.75,204.0,13.0,27.3,6.825,9.3,3.3,133.0,33.25,56.0,8.0,4.0,0.5,2.0,0.0
33,2019,103672,Alexander Mattison,Running Back,RB,Boise State,Broncos,BSU,http://insider.espn.com/nfl/draft/player/_/id/103672,38.0,102.0,3.0,True,Compensatory Selection (From BAL),Minnesota Vikings,MIN,https://a.espncdn.com/i/teamlogos/nfl/500/scoreboard/min.png,d4ac78d59b9b4a65c1185b2ea8bac6b7,221.0,71.0,7.0,116.0,69.0,https://a.espncdn.com/i/headshots/nfldraft/players/full/103672.png,2019.0,Boise State,RB,70.88,221.0,9.13,31.0,,4.67,22.0,35.0,127.0,4.29,7.13,11.69,19768,4048244,Boise State,581.0,193.66666666666663,302.0,67.0,2829.0,943.0,1415.0,328.0,14.7,4.9,5.1,4.7,66.0,11.0,17.0,4.0,148.0,49.333333333333336,70.0,19.0,60.0,20.0,28.0,5.0,511.0,170.33333333333334,284.0,54.0,27.3,9.1,10.8,6.4,78.0,26.0,36.0,19.0,2.0,0.3333333333333333,1.0,0.0
34,2019,103544,Bryce Love,Running Back,RB,Stanford,Cardinal,STAN,http://insider.espn.com/nfl/draft/player/_/id/103544,10.0,112.0,4.0,True,From BUF,Washington,WSH,https://a.espncdn.com/i/teamlogos/nfl/500/scoreboard/wsh.png,313d930b3c70eb6247845a56acf31b87,200.0,69.0,10.0,145.0,64.0,https://a.espncdn.com/i/headshots/nfldraft/players/full/103544.png,2019.0,Stanford,RB,68.88,200.0,9.13,29.38,,,18.0,,,,,,20186,3931398,Stanford,569.0,142.25,263.0,29.0,3866.0,966.5,2118.0,226.0,27.4,6.85,8.1,4.5,60.0,7.5,19.0,2.0,241.0,60.25,75.0,48.0,49.0,12.25,20.0,6.0,465.0,116.25,250.0,33.0,37.5,9.375,16.7,4.9,169.0,42.25,93.0,12.0,4.0,0.5,1.0,0.0
35,2019,103679,Justice Hill,Running Back,RB,Oklahoma State,Cowboys,OKST,http://insider.espn.com/nfl/draft/player/_/id/103679,11.0,113.0,4.0,True,From DEN,Baltimore Ravens,BAL,https://a.espncdn.com/i/teamlogos/nfl/500/scoreboard/bal.png,b3759d1b7a76e1d69c669b27bf59dcb0,198.0,70.0,5.0,98.0,72.0,https://a.espncdn.com/i/headshots/nfldraft/players/full/103679.png,2019.0,Oklahoma State,RB,69.63,198.0,9.5,31.63,,4.4,21.0,40.0,130.0,,,,20289,4038441,Oklahoma State,632.0,210.66666666666663,268.0,158.0,3539.0,1179.6666666666667,1467.0,930.0,16.9,5.633333333333333,5.9,5.5,60.0,10.0,15.0,6.0,209.0,69.66666666666667,92.0,38.0,49.0,16.333333333333332,31.0,5.0,304.0,101.33333333333331,190.0,46.0,20.5,6.833333333333333,9.2,5.2,68.0,22.666666666666668,24.0,22.0,2.0,0.3333333333333333,1.0,0.0
36,2019,103878,Tony Pollard,Running Back,RB,Memphis,Tigers,MEM,http://insider.espn.com/nfl/draft/player/_/id/103878,26.0,128.0,4.0,False,,Dallas Cowboys,DAL,https://a.espncdn.com/i/teamlogos/nfl/500/scoreboard/dal.png,1fcf486225fd157fc21663e99beebfee,210.0,72.0,12.0,181.0,59.0,https://a.espncdn.com/i/headshots/nfldraft/players/full/103878.png,2019.0,Memphis,RB,71.63,210.0,9.5,30.0,,4.52,13.0,35.0,121.0,4.41,7.09,,20964,3916148,Memphis,139.0,46.333333333333336,78.0,30.0,941.0,313.6666666666667,552.0,159.0,19.9,6.633333333333333,7.7,5.1,18.0,3.0,6.0,1.0,126.0,42.0,66.0,19.0,104.0,34.666666666666664,39.0,29.0,1292.0,430.6666666666667,536.0,298.0,36.900000000000006,12.300000000000002,14.9,10.3,148.0,49.333333333333336,59.0,44.0,18.0,3.0,4.0,2.0
37,2019,103753,Ryquell Armstead,Running Back,RB,Temple,Owls,TEM,http://insider.espn.com/nfl/draft/player/_/id/103753,2.0,140.0,5.0,True,From OAK via NYJ,Jacksonville Jaguars,JAX,https://a.espncdn.com/i/teamlogos/nfl/500/scoreboard/jax.png,37cf06942811504a6aacb153be174bdd,220.0,71.0,11.0,158.0,62.0,https://a.espncdn.com/i/headshots/nfldraft/players/full/103753.png,2019.0,Temple,RB,71.25,220.0,9.13,30.63,,4.45,22.0,30.0,114.0,4.29,7.02,,21482,3923397,Temple,573.0,143.25,210.0,51.0,2812.0,703.0,1098.0,191.0,18.700000000000003,4.675000000000001,5.9,3.7,68.0,8.5,14.0,2.0,223.0,55.75,76.0,16.0,29.0,7.25,14.0,2.0,175.0,43.75,75.0,7.0,23.6,5.9,8.2,3.5,50.0,12.5,19.0,4.0,0.0,0.0,0.0,0.0
38,2019,103652,Qadree Ollison,Running Back,RB,Pittsburgh,Panthers,PITT,http://insider.espn.com/nfl/draft/player/_/id/103652,14.0,152.0,5.0,False,,Atlanta Falcons,ATL,https://a.espncdn.com/i/teamlogos/nfl/500/scoreboard/atl.png,4af8b1482aeb9793b67888d22dadaef9,228.0,73.0,21.0,250.0,48.0,https://a.espncdn.com/i/headshots/nfldraft/players/full/103652.png,2019.0,Pittsburgh,RB,72.63,228.0,9.63,31.5,,4.58,19.0,29.5,114.0,4.31,7.53,,22092,3123944,Pittsburgh,529.0,132.25,212.0,33.0,2859.0,714.75,1213.0,127.0,19.8,4.95,6.3,3.8,58.0,7.25,11.0,2.0,219.0,54.75,97.0,19.0,50.0,12.5,23.0,2.0,375.0,93.75,194.0,38.0,38.9,9.725,19.0,5.5,91.0,22.75,30.0,15.0,6.0,0.75,2.0,0.0
39,2019,103876,Jordan Scarlett,Running Back,RB,Florida,Gators,FLA,http://insider.espn.com/nfl/draft/player/_/id/103876,16.0,154.0,5.0,False,,Carolina Panthers,CAR,https://a.espncdn.com/i/teamlogos/nfl/500/scoreboard/car.png,62e32fe3999d5d0a6f563d487d8d1728,208.0,71.0,25.0,268.0,45.0,,2019.0,Florida,RB,70.38,208.0,8.88,30.38,,4.47,21.0,30.0,116.0,4.63,7.37,,22214,3915115,Florida,344.0,114.66666666666669,179.0,34.0,1846.0,615.3333333333334,889.0,181.0,16.200000000000003,5.400000000000001,5.9,5.0,24.0,4.0,6.0,1.0,154.0,51.333333333333336,60.0,46.0,15.0,5.0,10.0,1.0,108.0,36.0,84.0,1.0,15.2,5.066666666666666,8.4,1.0,44.0,14.666666666666666,30.0,1.0,0.0,0.0,0.0,0.0
40,2019,103855,Trayveon Williams,Running Back,RB,Texas A&M,Aggies,TA&M,http://insider.espn.com/nfl/draft/player/_/id/103855,9.0,182.0,6.0,True,From DEN,Cincinnati Bengals,CIN,https://a.espncdn.com/i/teamlogos/nfl/500/scoreboard/cin.png,84e6fda612dbd1ef580705d2bc6f94ed,206.0,68.0,3.0,76.0,76.0,,2019.0,Texas A&M,RB,68.13,206.0,9.25,30.38,,4.51,19.0,33.0,121.0,4.44,7.44,,23657,4035222,Texas A&M,600.0,200.0,271.0,156.0,3615.0,1205.0,1760.0,798.0,17.9,5.966666666666666,6.8,4.6,68.0,11.333333333333334,18.0,8.0,254.0,84.66666666666667,93.0,72.0,66.0,22.0,27.0,19.0,561.0,187.0,278.0,91.0,24.7,8.233333333333333,10.3,4.8,96.0,32.0,41.0,17.0,2.0,0.3333333333333333,1.0,0.0
41,2019,103690,Ty Johnson,Running Back,RB,Maryland,Terrapins,MD,http://insider.espn.com/nfl/draft/player/_/id/103690,13.0,186.0,6.0,True,From ATL,Detroit Lions,DET,https://a.espncdn.com/i/teamlogos/nfl/500/scoreboard/det.png,53c6c81e03ca3d9649a7682f434b9a17,210.0,71.0,28.0,293.0,40.0,https://a.espncdn.com/i/headshots/nfldraft/players/full/103690.png,2019.0,Maryland,RB,70.75,210.0,9.13,30.125,,4.43,11.0,33.5,121.0,,,,23824,3915411,Maryland,348.0,87.0,137.0,35.0,2635.0,658.75,1004.0,250.0,30.3,7.575,9.1,6.4,34.0,4.25,6.0,3.0,275.0,68.75,81.0,44.0,29.0,7.25,16.0,2.0,318.0,79.5,206.0,22.0,43.6,10.9,15.0,3.7,131.0,32.75,66.0,18.0,4.0,0.5,1.0,0.0
42,2019,103641,Dexter Williams,Running Back,RB,Notre Dame,Fighting Irish,ND,http://insider.espn.com/nfl/draft/player/_/id/103641,21.0,194.0,6.0,True,From SEA,Green Bay Packers,GB,https://a.espncdn.com/i/teamlogos/nfl/500/scoreboard/gb.png,886e4fedb2fae8d4fb1c7d5b0527432a,212.0,71.0,16.0,212.0,54.0,,2019.0,Notre Dame,RB,71.13,212.0,9.63,32.25,,4.57,17.0,36.0,130.0,4.16,7.0,,24131,3932449,Notre Dame,257.0,64.25,158.0,21.0,1636.0,409.0,995.0,81.0,24.5,6.125,9.2,3.9,40.0,5.0,12.0,1.0,236.0,59.0,97.0,14.0,22.0,7.333333333333333,16.0,2.0,162.0,54.0,133.0,13.0,18.8,6.266666666666667,8.3,4.0,37.0,12.333333333333334,22.0,7.0,4.0,0.5714285714285714,1.0,0.0
43,2019,103666,Travis Homer,Running Back,RB,Miami,Hurricanes,MIAMI,http://insider.espn.com/nfl/draft/player/_/id/103666,31.0,204.0,6.0,True,From MIN via DET and NE,Seattle Seahawks,SEA,https://a.espncdn.com/i/teamlogos/nfl/500/scoreboard/sea.png,c40bfd452886d6d0ad720ad8f0aee91d,201.0,70.0,22.0,255.0,47.0,https://a.espncdn.com/i/headshots/nfldraft/players/full/103666.png,2019.0,Miami (FL),RB,70.38,201.0,10.0,31.5,,4.48,17.0,39.5,130.0,4.31,7.07,,24734,4037457,Miami,334.0,111.33333333333331,164.0,7.0,1995.0,665.0,985.0,44.0,18.2,6.066666666666666,6.3,5.9,24.0,4.8,8.0,0.0,151.0,50.333333333333336,70.0,17.0,37.0,18.5,19.0,18.0,405.0,202.5,219.0,186.0,22.0,11.0,12.2,9.8,59.0,29.5,35.0,24.0,2.0,0.5,1.0,0.0
44,2019,103889,Darwin Thompson,Running Back,RB,Utah State,Aggies,USU,http://insider.espn.com/nfl/draft/player/_/id/103889,41.0,214.0,6.0,False,Compensatory Selection,Kansas City Chiefs,KC,https://a.espncdn.com/i/teamlogos/nfl/500/scoreboard/kc.png,79579d8de3869d906cf6f6a323366c49,198.0,68.0,29.0,305.0,39.0,https://a.espncdn.com/i/headshots/nfldraft/players/full/103889.png,2019.0,Utah State,RB,68.0,198.0,8.38,29.75,,4.58,21.0,38.0,124.0,4.34,7.02,,25311,4361606,Utah State,153.0,153.0,153.0,153.0,1044.0,1044.0,1044.0,1044.0,6.8,6.8,6.8,6.8,28.0,14.0,14.0,14.0,68.0,68.0,68.0,68.0,23.0,23.0,23.0,23.0,351.0,351.0,351.0,351.0,15.3,15.3,15.3,15.3,88.0,88.0,88.0,88.0,4.0,2.0,2.0,2.0
45,2019,103854,Mike Weber,Running Back,RB,Ohio State,Buckeyes,OSU,http://insider.espn.com/nfl/draft/player/_/id/103854,4.0,218.0,7.0,True,From OAK,Dallas Cowboys,DAL,https://a.espncdn.com/i/teamlogos/nfl/500/scoreboard/dal.png,252a907eac8a682c933c70e53481ce69,211.0,70.0,13.0,190.0,57.0,,2019.0,Ohio State,RB,69.63,211.0,9.38,29.75,,4.47,22.0,33.5,,4.36,7.43,,25456,3915536,Ohio State,455.0,151.66666666666666,182.0,101.0,2676.0,892.0,1096.0,626.0,17.7,5.9,6.2,5.5,48.0,8.0,10.0,5.0,183.0,61.0,82.0,49.0,54.0,18.0,23.0,10.0,297.0,99.0,112.0,91.0,18.7,6.233333333333333,9.4,4.0,83.0,27.666666666666668,53.0,15.0,2.0,0.3333333333333333,1.0,0.0
46,2019,103633,Myles Gaskin,Running Back,RB,Washington,Huskies,WASH,http://insider.espn.com/nfl/draft/player/_/id/103633,20.0,234.0,7.0,True,From PIT via CLE,Miami Dolphins,MIA,https://a.espncdn.com/i/teamlogos/nfl/500/scoreboard/mia.png,4c5a2d17f5fd4b855a96822c91b9dfe9,205.0,69.0,19.0,236.0,50.0,https://a.espncdn.com/i/headshots/nfldraft/players/full/103633.png,2019.0,Washington,RB,69.25,205.0,8.75,29.5,,4.58,24.0,35.5,118.0,4.27,7.19,11.77,26229,3886818,Washington,945.0,236.25,259.0,222.0,5323.0,1330.75,1380.0,1268.0,22.6,5.65,6.2,4.9,114.0,14.25,21.0,10.0,303.0,75.75,86.0,68.0,65.0,16.25,21.0,6.0,465.0,116.25,232.0,19.0,26.3,6.575,12.2,3.2,122.0,30.5,76.0,8.0,10.0,1.25,3.0,0.0
47,2019,103866,Elijah Holyfield,Running Back,RB,Georgia,Bulldogs,UGA,http://insider.espn.com/nfl/draft/player/_/id/103866,,,,,,,,,2065010c4917bc742cf5c9211ae95dcc,217.0,70.375,15.0,203.0,55.0,https://a.espncdn.com/i/headshots/nfldraft/players/full/103866.png,2019.0,Georgia,RB,70.38,217.0,9.0,30.38,,4.78,26.0,29.5,118.0,,,,27885,4035006,Georgia,215.0,71.66666666666667,159.0,6.0,1340.0,446.6666666666667,1018.0,29.0,17.1,5.7,6.4,4.8,18.0,3.6,7.0,0.0,114.0,38.0,66.0,9.0,7.0,2.333333333333333,5.0,1.0,63.0,21.0,40.0,4.0,31.0,10.333333333333334,19.0,4.0,47.0,15.666666666666666,24.0,4.0,0.0,0.0,0.0,0.0
48,2019,103618,Karan Higdon,Running Back,RB,Michigan,Wolverines,MICH,http://insider.espn.com/nfl/draft/player/_/id/103618,,,,,,,,,f1f0cf32c254da1ff528533126a00d80,206.0,69.125,17.0,223.0,52.0,https://a.espncdn.com/i/headshots/nfldraft/players/full/103618.png,2019.0,Michigan,RB,69.13,206.0,9.63,30.75,,4.49,21.0,34.0,123.0,,,,28383,3929927,Michigan,471.0,117.75,224.0,11.0,2616.0,654.0,1178.0,19.0,19.0,4.75,6.1,1.7,54.0,7.714285714285714,11.0,0.0,198.0,49.5,77.0,9.0,16.0,5.333333333333333,8.0,1.0,177.0,59.0,131.0,3.0,25.5,8.5,16.4,3.0,53.0,17.666666666666668,35.0,3.0,0.0,0.0,0.0,0.0
49,2019,103740,Jalin Moore,Running Back,RB,Appalachian State,Mountaineers,APP,http://insider.espn.com/nfl/draft/player/_/id/103740,,,,,,,,,c9d1b81add101443658cebdd3212d5dd,212.0,70.0,18.0,230.0,51.0,https://a.espncdn.com/i/headshots/nfldraft/players/full/103740.png,2019.0,Appalachian State (NC),RB,70.0,212.0,9.25,32.38,,,27.0,32.0,112.0,4.43,,,28576,3123675,Appalachian State,582.0,145.5,237.0,63.0,3570.0,892.5,1402.0,400.0,25.3,6.325,7.4,5.7,66.0,8.25,12.0,5.0,257.0,64.25,81.0,55.0,23.0,7.666666666666667,12.0,5.0,235.0,78.33333333333333,163.0,32.0,26.7,8.9,13.6,6.4,100.0,33.333333333333336,75.0,11.0,2.0,0.2857142857142857,1.0,0.0
50,2019,103755,LJ Scott,Running Back,RB,Michigan State,Spartans,MSU,http://insider.espn.com/nfl/draft/player/_/id/103755,,,,,,,,,1c7ac7ae47b09c36c27b14d01caf2a50,227.0,72.375,23.0,256.0,47.0,,2019.0,Michigan State,RB,72.38,227.0,9.38,32.13,,4.73,21.0,33.0,120.0,4.34,7.27,,29126,3929828,Michigan State,610.0,152.5,201.0,79.0,2855.0,713.75,994.0,264.0,18.0,4.5,5.4,3.3,50.0,7.142857142857143,11.0,0.0,157.0,39.25,61.0,14.0,43.0,10.75,20.0,3.0,403.0,100.75,147.0,15.0,36.5,9.125,14.7,5.0,131.0,32.75,64.0,9.0,4.0,0.5714285714285714,1.0,0.0
51,2019,103775,Alex Barnes,Running Back,RB,Kansas State,Wildcats,KSU,http://insider.espn.com/nfl/draft/player/_/id/103775,,,,,,,,,e84c9783affca1f39862efc8c1c0d2b4,226.0,72.375,26.0,280.0,42.0,https://a.espncdn.com/i/headshots/nfldraft/players/full/103775.png,2019.0,Kansas State,RB,72.38,226.0,10.0,31.0,,4.59,34.0,38.5,126.0,4.1,6.95,11.72,29815,3886636,Kansas State,458.0,152.66666666666666,256.0,56.0,2616.0,872.0,1355.0,442.0,18.8,6.266666666666667,7.9,5.3,50.0,8.333333333333334,12.0,6.0,161.0,53.66666666666666,75.0,31.0,25.0,12.5,20.0,5.0,223.0,111.5,194.0,29.0,15.5,7.75,9.7,5.8,41.0,20.5,30.0,11.0,0.0,0.0,0.0,0.0
52,2019,103917,James Williams,Running Back,RB,Washington State,Cougars,WSU,http://insider.espn.com/nfl/draft/player/_/id/103917,,,,,,,,,4fe2a6a4c727e444a8fdfa44dbe48304,197.0,69.5,27.0,286.0,41.0,,2019.0,Washington State,RB,69.5,197.0,9.25,30.38,,4.58,13.0,36.5,118.0,4.25,7.01,12.2,30044,3884368,Washington State,316.0,105.33333333333331,122.0,92.0,1539.0,513.0,584.0,395.0,14.6,4.866666666666666,5.7,4.3,38.0,6.333333333333333,12.0,1.0,108.0,36.0,43.0,27.0,202.0,67.33333333333333,83.0,48.0,1437.0,479.0,613.0,342.0,21.3,7.099999999999999,7.4,6.8,94.0,31.33333333333333,41.0,24.0,16.0,2.6666666666666665,4.0,1.0
53,2019,103799,Devine Ozigbo,Running Back,RB,Nebraska,Cornhuskers,NEB,http://insider.espn.com/nfl/draft/player/_/id/103799,,,,,,,,,f02206ea0bd57c599351dde778e4c1a4,222.0,70.75,30.0,312.0,38.0,https://a.espncdn.com/i/headshots/nfldraft/players/full/103799.png,2019.0,Nebraska,RB,70.75,222.0,9.25,31.0,,4.68,17.0,36.0,122.0,4.31,7.04,,30888,3699935,Nebraska,419.0,104.75,155.0,38.0,2196.0,549.0,1082.0,209.0,20.5,5.125,7.0,3.8,42.0,5.25,12.0,1.0,167.0,41.75,66.0,28.0,49.0,12.25,23.0,5.0,488.0,122.0,203.0,62.0,48.900000000000006,12.225,20.0,7.7,125.0,31.25,39.0,19.0,0.0,0.0,0.0,0.0
54,2019,103761,Nick Brossette,Running Back,RB,LSU,Tigers,LSU,http://insider.espn.com/nfl/draft/player/_/id/103761,,,,,,,,,a109741bf34cc2191100ac888d636554,209.0,71.125,34.0,371.0,31.0,https://a.espncdn.com/i/headshots/nfldraft/players/full/103761.png,2019.0,Louisiana State,RB,71.25,209.0,8.63,30.0,,4.72,15.0,35.5,118.0,4.44,7.38,,33039,3843406,LSU,286.0,71.5,240.0,12.0,1345.0,336.25,1039.0,65.0,24.5,6.125,9.7,4.3,28.0,5.6,14.0,0.0,135.0,33.75,60.0,10.0,15.0,7.5,14.0,1.0,77.0,38.5,78.0,-1.0,4.6,2.3,5.6,-1.0,15.0,7.5,15.0,0.0,0.0,0.0,0.0,0.0
55,2020,104430,Clyde Edwards-Helaire,Running Back,RB,LSU,Tigers,LSU,http://insider.espn.com/nfl/draft/player/_/id/104430,32.0,32.0,1.0,False,,Kansas City Chiefs,KC,https://a.espncdn.com/i/teamlogos/nfl/500/scoreboard/kc.png,5990ba76e7a78e7512d5fdfcbb8fe077,207.0,67.0,3.0,28.0,88.0,https://a.espncdn.com/i/headshots/nfldraft/players/full/104430.png,2020.0,Louisiana State,RB,67.25,207.0,9.63,29.0,,4.6,15.0,39.5,123.0,,,,34738,4242214,LSU,370.0,123.33333333333331,215.0,9.0,2103.0,701.0,1414.0,31.0,14.5,4.833333333333333,6.6,3.4,46.0,9.2,16.0,0.0,146.0,48.66666666666666,89.0,10.0,69.0,23.0,55.0,3.0,595.0,198.33333333333331,453.0,46.0,32.2,10.733333333333334,15.3,8.2,83.0,27.666666666666668,30.0,26.0,2.0,0.4,1.0,0.0
56,2020,104118,D'Andre Swift,Running Back,RB,Georgia,Bulldogs,UGA,http://insider.espn.com/nfl/draft/player/_/id/104118,3.0,35.0,2.0,False,,Detroit Lions,DET,https://a.espncdn.com/i/teamlogos/nfl/500/scoreboard/det.png,53a49a954f5bfb949672ef5787f431ee,212.0,68.0,1.0,18.0,91.0,https://a.espncdn.com/i/headshots/nfldraft/players/full/104118.png,2020.0,Georgia,RB,68.25,212.0,9.0,29.88,,4.48,,35.5,121.0,,,,35021,4259545,Georgia,440.0,146.66666666666666,196.0,81.0,2885.0,961.6666666666666,1218.0,618.0,20.2,6.733333333333333,7.6,6.2,40.0,6.666666666666667,10.0,3.0,201.0,67.0,83.0,47.0,73.0,24.33333333333333,32.0,17.0,666.0,222.0,297.0,153.0,27.3,9.1,9.3,9.0,122.0,40.66666666666666,48.0,35.0,10.0,1.6666666666666667,3.0,1.0
57,2020,104135,Cam Akers,Running Back,RB,Florida State,Seminoles,FSU,http://insider.espn.com/nfl/draft/player/_/id/104135,20.0,52.0,2.0,False,,Los Angeles Rams,LAR,https://a.espncdn.com/i/teamlogos/nfl/500/scoreboard/lar.png,8a1218d0b8ed82db698f4743bed2b3ee,217.0,70.0,5.0,55.0,81.0,https://a.espncdn.com/i/headshots/nfldraft/players/full/104135.png,2020.0,Florida State,RB,70.38,217.0,9.0,30.63,,4.47,20.0,35.5,122.0,4.42,,,35894,4240021,Florida State,586.0,195.33333333333331,231.0,161.0,2874.0,958.0,1144.0,706.0,14.7,4.9,5.3,4.4,54.0,9.0,14.0,6.0,198.0,66.0,85.0,50.0,69.0,23.0,30.0,16.0,486.0,162.0,225.0,116.0,21.1,7.033333333333334,7.5,6.3,88.0,29.33333333333333,44.0,19.0,14.0,2.333333333333333,4.0,1.0
58,2020,104134,J.K. Dobbins,Running Back,RB,Ohio State,Buckeyes,OSU,http://insider.espn.com/nfl/draft/player/_/id/104134,23.0,55.0,2.0,True,From NE through ATL,Baltimore Ravens,BAL,https://a.espncdn.com/i/teamlogos/nfl/500/scoreboard/bal.png,249571a56db727052aa010c3bca5b417,209.0,70.0,2.0,27.0,89.0,https://a.espncdn.com/i/headshots/nfldraft/players/full/104134.png,2020.0,Ohio State,RB,69.5,209.0,9.5,29.75,,,23.0,,,,,,36178,4241985,Ohio State,725.0,241.66666666666663,301.0,194.0,4459.0,1486.3333333333333,2003.0,1053.0,18.5,6.166666666666667,7.2,4.6,76.0,12.666666666666666,21.0,7.0,187.0,62.333333333333336,77.0,42.0,71.0,23.666666666666668,26.0,22.0,645.0,215.0,263.0,135.0,26.9,8.966666666666667,10.7,6.1,81.0,27.0,35.0,18.0,10.0,1.6666666666666667,2.0,1.0
59,2020,104222,Zack Moss,Running Back,RB,Utah,Utes,UTAH,http://insider.espn.com/nfl/draft/player/_/id/104222,22.0,86.0,3.0,False,,Buffalo Bills,BUF,https://a.espncdn.com/i/teamlogos/nfl/500/scoreboard/buf.png,e6535721e57a166c83c56c4676971657,223.0,69.0,6.0,57.0,80.0,https://a.espncdn.com/i/headshots/nfldraft/players/full/104222.png,2020.0,Utah,RB,69.38,223.0,9.25,31.25,,4.65,19.0,33.0,,4.37,,,37650,4035676,Utah,712.0,178.0,235.0,84.0,4067.0,1016.75,1416.0,382.0,22.1,5.525,6.1,4.5,76.0,9.5,15.0,2.0,286.0,71.5,91.0,51.0,66.0,16.5,29.0,1.0,685.0,171.25,388.0,4.0,32.6,8.15,13.9,4.0,113.0,28.25,69.0,4.0,6.0,0.75,2.0,0.0
60,2020,104463,Darrynton Evans,Running Back,RB,Appalachian State,Mountaineers,APP,http://insider.espn.com/nfl/draft/player/_/id/104463,29.0,93.0,3.0,False,,Tennessee Titans,TEN,https://a.espncdn.com/i/teamlogos/nfl/500/scoreboard/ten.png,bf2a1a15ef05125d61510455a15f3e4f,203.0,70.0,11.0,137.0,60.0,https://a.espncdn.com/i/headshots/nfldraft/players/full/104463.png,2020.0,Appalachian State (NC),RB,70.13,203.0,9.25,31.63,,4.41,20.0,37.0,125.0,,,,38042,4036431,Appalachian State,482.0,160.66666666666666,255.0,48.0,2884.0,961.3333333333334,1480.0,217.0,16.9,5.633333333333333,6.6,4.5,50.0,8.333333333333334,18.0,0.0,191.0,63.66666666666666,87.0,25.0,39.0,13.0,21.0,6.0,319.0,106.33333333333331,198.0,34.0,22.4,7.466666666666666,9.4,5.7,106.0,35.333333333333336,58.0,23.0,12.0,2.0,5.0,0.0
61,2020,104226,La'Mical Perine,Running Back,RB,Florida,Gators,FLA,http://insider.espn.com/nfl/draft/player/_/id/104226,14.0,120.0,4.0,False,,New York Jets,NYJ,https://a.espncdn.com/i/teamlogos/nfl/500/scoreboard/nyj.png,4155a8266577032b1c4cbe4c3460c730,216.0,71.0,7.0,72.0,75.0,https://a.espncdn.com/i/headshots/nfldraft/players/full/104226.png,2020.0,Florida,RB,70.75,216.0,10.25,31.63,,4.62,22.0,35.0,118.0,4.31,7.13,,39158,4034952,Florida,493.0,123.25,136.0,91.0,2485.0,621.25,826.0,421.0,20.0,5.0,6.2,4.1,44.0,5.5,8.0,1.0,250.0,62.5,88.0,29.0,72.0,18.0,40.0,9.0,674.0,168.5,262.0,81.0,45.7,11.425,17.9,6.6,143.0,35.75,63.0,18.0,16.0,2.0,5.0,1.0
62,2020,104487,DeeJay Dallas,Running Back,RB,Miami,Hurricanes,MIA,http://insider.espn.com/nfl/draft/player/_/id/104487,38.0,144.0,4.0,False,(Compensatory Selection),Seattle Seahawks,SEA,https://a.espncdn.com/i/teamlogos/nfl/500/scoreboard/sea.png,38696dea2280fbdbfe54002219b268c3,217.0,70.0,12.0,154.0,57.0,https://a.espncdn.com/i/headshots/nfldraft/players/full/104487.png,2020.0,Miami (FL),RB,70.13,217.0,9.25,30.63,,4.58,,33.5,119.0,4.32,7.18,,40312,4240631,Miami,265.0,88.33333333333333,115.0,41.0,1527.0,509.0,693.0,217.0,17.0,5.666666666666667,6.0,5.3,34.0,5.666666666666667,8.0,3.0,184.0,61.333333333333336,83.0,39.0,28.0,9.333333333333334,14.0,4.0,317.0,105.66666666666669,140.0,85.0,41.5,13.833333333333334,23.0,8.5,117.0,39.0,49.0,26.0,4.0,0.6666666666666666,2.0,0.0
63,2020,104448,Eno Benjamin,Running Back,RB,Arizona State,Sun Devils,ASU,http://insider.espn.com/nfl/draft/player/_/id/104448,8.0,222.0,7.0,False,,Arizona Cardinals,ARI,https://a.espncdn.com/i/teamlogos/nfl/500/scoreboard/ari.png,f9e09faa216fd14c3cbf6d622efe871e,207.0,69.0,14.0,180.0,53.0,https://a.espncdn.com/i/headshots/nfldraft/players/full/104448.png,2020.0,Arizona State,RB,68.88,207.0,8.63,31.25,,4.57,12.0,39.0,122.0,4.25,6.97,,44269,4242873,Arizona State,576.0,192.0,300.0,23.0,2867.0,955.6666666666666,1642.0,142.0,16.0,5.333333333333333,6.2,4.3,54.0,9.0,16.0,1.0,103.0,34.333333333333336,49.0,21.0,82.0,27.33333333333333,42.0,5.0,625.0,208.33333333333331,347.0,15.0,18.8,6.266666666666667,8.3,3.0,114.0,38.0,72.0,13.0,8.0,1.3333333333333333,2.0,0.0
64,2020,104494,James Robinson,Running Back,RB,Illinois State,Redbirds,ILST,http://insider.espn.com/nfl/draft/player/_/id/104494,,,,,,,,,93bc936d51bd3247bf9300e4b6e2a9c8,219.0,69.0,16.0,184.0,51.0,https://a.espncdn.com/i/headshots/nfldraft/players/full/104494.png,2020.0,Illinois State,RB,69.0,219.0,8.75,29.63,,4.64,24.0,40.0,125.0,4.19,7.03,,46567,4052042,Illinois State,569.0,142.25,364.0,0.0,3189.0,797.25,1899.0,0.0,11.5,2.875,6.3,0.0,74.0,9.25,18.0,0.0,134.0,33.5,77.0,0.0,37.0,18.5,21.0,16.0,244.0,122.0,164.0,80.0,12.8,6.4,7.8,5.0,61.0,30.5,43.0,18.0,3.0,0.5,1.0,0.0
65,2020,104447,Salvon Ahmed,Running Back,RB,Washington,Huskies,WASH,http://insider.espn.com/nfl/draft/player/_/id/104447,,,,,,,,,4994d715a01266e6ddbf8280b6c9f7c3,197.0,70.875,17.0,194.0,50.0,https://a.espncdn.com/i/headshots/nfldraft/players/full/104447.png,2020.0,Washington,RB,70.88,197.0,8.75,29.25,,4.62,,34.5,120.0,,,,46802,4243315,Washington,353.0,117.66666666666669,188.0,61.0,2016.0,672.0,1020.0,388.0,17.6,5.866666666666667,6.4,5.4,42.0,7.0,11.0,3.0,206.0,68.66666666666667,89.0,58.0,50.0,16.666666666666668,21.0,13.0,331.0,110.33333333333331,170.0,77.0,19.3,6.433333333333334,8.1,5.3,60.0,20.0,26.0,11.0,0.0,0.0,0.0,0.0
66,2020,104496,Levante Bellamy,Running Back,RB,Western Michigan,Broncos,WMU,http://insider.espn.com/nfl/draft/player/_/id/104496,,,,,,,,,15f3604a8c300b863ee98b0a8c2da5e9,192.0,68.875,18.0,198.0,49.0,https://a.espncdn.com/i/headshots/nfldraft/players/full/104496.png,2020.0,Western Michigan,RB,68.88,192.0,8.75,30.25,,4.5,16.0,39.5,125.0,,,,46904,3916721,Western Michigan,617.0,123.4,266.0,20.0,3720.0,744.0,1472.0,133.0,32.6,6.5200000000000005,8.0,5.5,70.0,7.0,23.0,1.0,288.0,57.6,75.0,27.0,57.0,11.4,30.0,1.0,370.0,74.0,185.0,4.0,39.6,7.92,18.0,3.7,111.0,22.2,58.0,4.0,2.0,0.2,1.0,0.0
67,2020,104453,Javon Leake,Running Back,RB,Maryland,Terrapins,MD,http://insider.espn.com/nfl/draft/player/_/id/104453,,,,,,,,,7abe18c0ddd6feec5945e7527b571bd4,215.0,72.125,20.0,216.0,45.0,https://a.espncdn.com/i/headshots/nfldraft/players/full/104453.png,2020.0,Maryland,RB,72.13,215.0,9.63,31.5,,4.65,,34.0,125.0,,,,47348,4241940,Maryland,145.0,48.333333333333336,102.0,9.0,1144.0,381.3333333333333,736.0,99.0,27.3,9.1,11.0,7.2,34.0,5.666666666666667,8.0,2.0,189.0,63.0,64.0,61.0,10.0,5.0,9.0,1.0,59.0,29.5,55.0,4.0,10.1,5.05,6.1,4.0,37.0,18.5,33.0,4.0,0.0,0.0,0.0,0.0
68,2020,104465,J.J. Taylor,Running Back,RB,Arizona,Wildcats,ARIZ,http://insider.espn.com/nfl/draft/player/_/id/104465,,,,,,,,,c027e57a825bacb42a8fa422be619848,185.0,65.25,21.0,221.0,44.0,https://a.espncdn.com/i/headshots/nfldraft/players/full/104465.png,2020.0,Arizona,RB,66.0,185.0,8.5,28.75,,4.61,19.0,34.5,118.0,4.15,7.0,,47618,4039607,Arizona,587.0,146.75,255.0,38.0,3263.0,815.75,1434.0,261.0,23.2,5.799999999999999,6.9,4.9,36.0,4.5,6.0,2.0,244.0,61.0,79.0,40.0,62.0,15.5,32.0,2.0,487.0,121.75,289.0,16.0,29.4,7.35,9.0,4.1,82.0,20.5,28.0,16.0,4.0,0.5,2.0,0.0
69,2020,104230,JaMycal Hasty,Running Back,RB,Baylor,Bears,BAY,http://insider.espn.com/nfl/draft/player/_/id/104230,,,,,,,,,6602ab198fbd55e7b230c9b66d5d6435,205.0,68.0,26.0,271.0,35.0,https://a.espncdn.com/i/headshots/nfldraft/players/full/104230.png,2020.0,Baylor,RB,68.0,205.0,9.13,31.13,,4.55,15.0,39.0,123.0,4.03,,,49268,3928925,Baylor,386.0,96.5,119.0,76.0,1998.0,499.5,627.0,314.0,20.4,5.1000000000000005,5.8,4.1,30.0,3.75,7.0,1.0,199.0,49.75,73.0,31.0,79.0,19.75,26.0,3.0,485.0,121.25,184.0,26.0,26.8,6.699999999999999,8.7,4.2,135.0,33.75,63.0,17.0,2.0,0.25,1.0,0.0
70,2020,104516,Brian Herrien,Running Back,RB,Georgia,Bulldogs,UGA,http://insider.espn.com/nfl/draft/player/_/id/104516,,,,,,,,,503a9d3b3f17e4b06414ae5123461f55,209.0,71.125,27.0,281.0,34.0,https://a.espncdn.com/i/headshots/nfldraft/players/full/104516.png,2020.0,Georgia,RB,71.13,209.0,9.0,29.75,,4.62,18.0,38.5,126.0,4.4,7.12,,49587,4035005,Georgia,277.0,69.25,103.0,50.0,1413.0,353.25,490.0,265.0,20.8,5.2,5.9,4.3,25.0,3.125,6.0,1.0,117.0,29.25,40.0,23.0,28.0,7.0,16.0,2.0,167.0,41.75,110.0,1.0,19.700000000000003,4.925000000000001,7.0,0.5,45.0,11.25,18.0,1.0,4.0,0.5,1.0,0.0
71,2020,104519,Scottie Phillips,Running Back,RB,Ole Miss,Rebels,MISS,http://insider.espn.com/nfl/draft/player/_/id/104519,,,,,,,,,a50e1ab07a66ade43f212243e10ef66d,209.0,68.0,28.0,285.0,33.0,https://a.espncdn.com/i/headshots/nfldraft/players/full/104519.png,2020.0,Mississippi,RB,68.0,211.0,8.5,29.38,,4.56,29.0,30.0,114.0,4.53,7.4,,49807,4362878,Ole Miss,278.0,139.0,153.0,125.0,1470.0,735.0,928.0,542.0,10.4,5.199999999999999,6.1,4.3,34.0,8.5,12.0,5.0,103.0,51.5,65.0,38.0,18.0,9.0,10.0,8.0,182.0,91.0,105.0,77.0,20.1,10.05,10.5,9.6,60.0,30.0,38.0,22.0,6.0,1.5,2.0,1.0
72,2020,104525,Rico Dowdle,Running Back,RB,South Carolina,Gamecocks,SC,http://insider.espn.com/nfl/draft/player/_/id/104525,,,,,,,,,da1e8487d66d6ff07438e9d6e77856e0,213.0,71.25,29.0,289.0,32.0,https://a.espncdn.com/i/headshots/nfldraft/players/full/104525.png,2020.0,South Carolina,RB,72.0,215.0,9.5,31.38,,4.54,,38.0,127.0,,,,50040,4038815,South Carolina,428.0,107.0,133.0,66.0,2167.0,541.75,764.0,251.0,19.5,4.875,5.7,3.8,32.0,4.0,6.0,2.0,139.0,34.75,44.0,30.0,62.0,15.5,22.0,11.0,483.0,120.75,167.0,55.0,32.4,8.1,11.6,3.7,101.0,25.25,34.0,19.0,6.0,0.75,1.0,0.0
73,2020,104403,Darius Anderson,Running Back,RB,TCU,Horned Frogs,TCU,http://insider.espn.com/nfl/draft/player/_/id/104403,,,,,,,,,43f7ee51c02aeb61a7f78fc99bce9807,208.0,70.5,30.0,303.0,31.0,https://a.espncdn.com/i/headshots/nfldraft/players/full/104403.png,2020.0,Texas Christian,RB,70.5,208.0,9.63,30.5,,4.61,19.0,36.0,128.0,4.19,,,50726,4038533,TCU,430.0,107.5,151.0,27.0,2418.0,604.5,823.0,229.0,24.700000000000003,6.175000000000001,8.5,4.8,36.0,4.5,8.0,1.0,282.0,70.5,93.0,42.0,43.0,10.75,22.0,5.0,224.0,56.0,128.0,19.0,18.8,4.7,6.3,2.7,68.0,17.0,32.0,6.0,0.0,0.0,0.0,0.0
74,2021,104766,Najee Harris,Running Back,RB,Alabama,Crimson Tide,ALA,http://insider.espn.com/nfl/draft/player/_/id/104766,24.0,24.0,1.0,False,,Pittsburgh Steelers,PIT,https://a.espncdn.com/i/teamlogos/nfl/500/scoreboard/pit.png,c1c771f175c33915f07ed4c9a11c7ad4,232.0,73.0,2.0,28.0,89.0,https://a.espncdn.com/i/headshots/nfldraft/players/full/104766.png,2021.0,Alabama,RB,73.38,232.0,10.25,33.375,,,,,115.0,,,,52032,4241457,Alabama,638.0,159.5,251.0,61.0,3843.0,960.75,1466.0,370.0,24.500000000000004,6.125000000000001,6.7,5.8,66.0,9.428571428571429,26.0,3.0,151.0,37.75,53.0,31.0,80.0,20.0,43.0,4.0,781.0,195.25,425.0,7.0,30.5,7.625,11.3,1.8,94.0,23.5,42.0,4.0,18.0,2.571428571428572,7.0,0.0
75,2021,104752,Travis Etienne,Running Back,RB,Clemson,Tigers,CLEM,http://insider.espn.com/nfl/draft/player/_/id/104752,25.0,25.0,1.0,True,From LAR,Jacksonville Jaguars,JAX,https://a.espncdn.com/i/teamlogos/nfl/500/scoreboard/jax.png,199fffcadda81e7055f5bbbfa0823e33,215.0,70.0,1.0,22.0,90.0,https://a.espncdn.com/i/headshots/nfldraft/players/full/104752.png,2021.0,Clemson,RB,70.13,215.0,9.375,30.125,,4.48,16.0,32.5,126.0,,,,52117,4239996,Clemson,686.0,171.5,207.0,107.0,4952.0,1238.0,1658.0,766.0,28.5,7.125,8.1,5.4,126.0,18.0,24.0,13.0,318.0,79.5,90.0,72.0,102.0,25.5,48.0,5.0,1155.0,288.75,588.0,57.0,41.9,10.475,12.3,6.5,146.0,36.5,53.0,23.0,14.0,2.0,4.0,0.0
76,2021,105146,Javonte Williams,Running Back,RB,North Carolina,Tar Heels,UNC,http://insider.espn.com/nfl/draft/player/_/id/105146,3.0,35.0,2.0,True,From ATL,Denver Broncos,DEN,https://a.espncdn.com/i/teamlogos/nfl/500/scoreboard/den.png,0e04df017c441b1e01a3f73ab6f4eb61,212.0,70.0,3.0,35.0,88.0,https://a.espncdn.com/i/headshots/nfldraft/players/full/105146.png,2021.0,North Carolina,RB,69.63,212.0,9.375,30.875,,4.6,20.0,35.0,121.0,4.13,7.02,,52569,4361579,North Carolina,366.0,122.0,166.0,43.0,2297.0,765.6666666666666,1140.0,224.0,18.1,6.033333333333334,7.3,5.2,39.0,7.8,19.0,5.0,127.0,42.333333333333336,65.0,22.0,50.0,16.666666666666668,25.0,8.0,539.0,179.66666666666666,305.0,58.0,29.9,9.966666666666669,12.2,7.3,102.0,34.0,41.0,26.0,5.0,1.0,3.0,0.0
77,2021,104826,Michael Carter,Running Back,RB,North Carolina,Tar Heels,UNC,http://insider.espn.com/nfl/draft/player/_/id/104826,2.0,107.0,4.0,False,,New York Jets,NYJ,https://a.espncdn.com/i/teamlogos/nfl/500/scoreboard/nyj.png,68ae22987dd5946f914ee5d9d1f9bed2,201.0,68.0,5.0,83.0,74.0,https://a.espncdn.com/i/headshots/nfldraft/players/full/104826.png,2021.0,North Carolina,RB,67.88,201.0,8.75,29.125,,4.57,14.0,33.0,117.0,4.02,6.92,,54251,4240657,North Carolina,514.0,128.5,177.0,84.0,3403.0,850.75,1245.0,558.0,26.6,6.65,8.0,5.7,35.0,5.0,9.0,2.0,230.0,57.5,65.0,49.0,82.0,20.5,25.0,11.0,656.0,164.0,267.0,100.0,32.5,8.125,10.7,5.4,142.0,35.5,46.0,24.0,10.0,1.4285714285714286,2.0,1.0
78,2021,104765,Chuba Hubbard,Running Back,RB,Oklahoma State,Cowboys,OKST,http://insider.espn.com/nfl/draft/player/_/id/104765,21.0,126.0,4.0,True,From TEN,Carolina Panthers,CAR,https://a.espncdn.com/i/teamlogos/nfl/500/scoreboard/car.png,7c6b055149b5aa139e267db2f9dad46f,210.0,72.0,9.0,150.0,61.0,https://a.espncdn.com/i/headshots/nfldraft/players/full/104765.png,2021.0,Oklahoma State,RB,72.0,210.0,9.0,32.0,,4.54,18.0,35.0,118.0,4.34,7.37,,57577,4241416,Oklahoma State,585.0,195.0,328.0,124.0,3459.0,1153.0,2094.0,625.0,17.1,5.7,6.4,4.7,61.0,12.2,21.0,5.0,157.0,52.333333333333336,92.0,32.0,53.0,17.666666666666668,23.0,8.0,479.0,159.66666666666666,229.0,52.0,25.5,8.5,10.4,6.5,121.0,40.333333333333336,54.0,21.0,5.0,1.0,2.0,0.0
79,2021,104788,Kenneth Gainwell,Running Back,RB,Memphis,Tigers,MEM,http://insider.espn.com/nfl/draft/player/_/id/104788,6.0,150.0,5.0,False,,Philadelphia Eagles,PHI,https://a.espncdn.com/i/teamlogos/nfl/500/scoreboard/phi.png,1e1ae097bace9b304fb3bed254619570,201.0,68.0,8.0,142.0,63.0,https://a.espncdn.com/i/headshots/nfldraft/players/full/104788.png,2021.0,Memphis,RB,68.38,201.0,9.875,30.625,,4.5,19.0,34.0,119.0,4.5,7.35,,57222,4371733,Memphis,235.0,117.5,231.0,4.0,1550.0,775.0,1459.0,91.0,29.1,14.55,22.8,6.3,28.0,7.0,13.0,1.0,147.0,73.5,75.0,72.0,57.0,28.5,51.0,6.0,662.0,331.0,610.0,52.0,20.7,10.35,12.0,8.7,82.0,41.0,68.0,14.0,6.0,1.5,3.0,0.0
80,2021,105350,Gary Brightwell,Running Back,RB,Arizona,Wildcats,ARIZ,http://insider.espn.com/nfl/draft/player/_/id/105350,12.0,196.0,6.0,False,,New York Giants,NYG,https://a.espncdn.com/i/teamlogos/nfl/500/scoreboard/nyg.png,f4c45aab2eeeb3b02b717d979c91e93c,218.0,71.0,24.0,312.0,31.0,https://a.espncdn.com/i/headshots/nfldraft/players/full/105350.png,2021.0,Arizona,RB,70.75,218.0,9.375,31.0,,4.65,15.0,33.5,116.0,4.52,7.6,,64664,4245645,Arizona,245.0,61.25,91.0,0.0,1305.0,326.25,525.0,0.0,16.1,4.025,5.9,0.0,17.0,2.833333333333333,5.0,0.0,200.0,50.0,94.0,0.0,19.0,6.333333333333333,13.0,2.0,121.0,40.333333333333336,59.0,9.0,23.4,7.8,14.8,4.1,62.0,20.666666666666668,38.0,9.0,2.0,0.4,1.0,0.0
81,2021,104783,Chris Evans,Running Back,RB,Michigan,Wolverines,MICH,http://insider.espn.com/nfl/draft/player/_/id/104783,18.0,202.0,6.0,True,From MIA through HOU,Cincinnati Bengals,CIN,https://a.espncdn.com/i/teamlogos/nfl/500/scoreboard/cin.png,417a7401e3e69189bff6362a8300c087,211.0,71.0,11.0,178.0,56.0,https://a.espncdn.com/i/headshots/nfldraft/players/full/104783.png,2021.0,Michigan,RB,71.0,211.0,10.0,32.5,,4.55,18.0,39.5,125.0,4.18,6.94,,58629,4046530,Michigan,320.0,80.0,135.0,16.0,1795.0,448.75,685.0,73.0,21.9,5.475,7.0,4.6,29.0,4.142857142857143,6.0,1.0,201.0,50.25,67.0,16.0,49.0,12.25,18.0,6.0,479.0,119.75,157.0,87.0,42.2,10.55,14.5,8.2,127.0,31.75,56.0,23.0,4.0,0.5714285714285714,1.0,0.0
82,2021,105149,Demetric Felton,Wide Receiver,WR,UCLA,Bruins,UCLA,http://insider.espn.com/nfl/draft/player/_/id/105149,27.0,211.0,6.0,False,,Cleveland Browns,CLE,https://a.espncdn.com/i/teamlogos/nfl/500/scoreboard/cle.png,1b4147e641831577fcc2bca401153c8c,189.0,69.0,7.0,140.0,64.0,https://a.espncdn.com/i/headshots/nfldraft/players/full/105149.png,2021.0,UCLA,RB,68.63,189.0,9.375,31.375,,4.62,8.0,30.5,112.0,4.54,7.4,,57013,4035826,UCLA,233.0,58.25,132.0,5.0,1101.0,275.25,668.0,27.0,21.8,5.449999999999999,7.5,3.8,9.0,1.2857142857142858,5.0,0.0,154.0,38.5,75.0,14.0,99.0,24.75,55.0,2.0,958.0,239.5,594.0,-2.0,27.4,6.8500000000000005,10.8,-1.0,154.0,38.5,94.0,1.0,13.0,1.8571428571428568,4.0,0.0
83,2021,104931,Kylin Hill,Running Back,RB,Mississippi State,Bulldogs,MSST,http://insider.espn.com/nfl/draft/player/_/id/104931,29.0,256.0,7.0,False,,Green Bay Packers,GB,https://a.espncdn.com/i/teamlogos/nfl/500/scoreboard/gb.png,206909e7ec24d126f2dc3597bfa07ebe,214.0,71.0,16.0,219.0,44.0,https://a.espncdn.com/i/headshots/nfldraft/players/full/104931.png,2021.0,Mississippi State,RB,70.5,214.0,9.625,30.5,,4.6,20.0,35.0,120.0,4.39,7.29,,60368,4259805,Mississippi State,452.0,90.4,242.0,0.0,2535.0,507.0,1350.0,0.0,20.8,4.159999999999999,6.3,0.0,32.0,4.0,10.0,0.0,156.0,31.2,62.0,0.0,67.0,16.75,23.0,4.0,631.0,157.75,237.0,38.0,37.8,9.45,10.3,8.0,233.0,58.25,88.0,17.0,11.0,1.5714285714285714,4.0,0.0
84,2021,104856,Rakeem Boyd,Running Back,RB,Arkansas,Razorbacks,ARK,http://insider.espn.com/nfl/draft/player/_/id/104856,,,,,,,,,c57f46b04aa8cd7d7c7f9e65aac6ec86,213.0,71.375,18.0,228.0,41.0,https://a.espncdn.com/i/headshots/nfldraft/players/full/104856.png,2021.0,Arkansas,RB,71.38,213.0,8.625,32.5,,4.73,4.0,31.5,96.0,4.42,7.31,,60824,4047337,Arkansas,389.0,129.66666666666666,184.0,82.0,2176.0,725.3333333333334,1133.0,309.0,16.0,5.333333333333333,6.2,3.8,23.0,4.6,8.0,2.0,171.0,57.0,86.0,16.0,52.0,17.333333333333332,23.0,10.0,358.0,119.33333333333331,165.0,33.0,18.9,6.300000000000001,8.4,3.3,82.0,27.33333333333333,38.0,15.0,0.0,0.0,0.0,0.0
85,2021,105298,Javian Hawkins,Running Back,RB,Louisville,Cardinals,LOU,http://insider.espn.com/nfl/draft/player/_/id/105298,,,,,,,,,12e33a8fc1f6034a0bbc5433756707ae,183.0,68.125,20.0,248.0,38.0,https://a.espncdn.com/i/headshots/nfldraft/players/full/105298.png,2021.0,Louisville,RB,68.13,183.0,7.875,29.25,,4.49,,35.0,114.0,4.29,7.04,,62044,4360802,Louisville,399.0,133.0,264.0,2.0,2355.0,785.0,1525.0,8.0,16.0,5.333333333333333,6.2,4.0,25.0,6.25,9.0,0.0,163.0,54.333333333333336,90.0,7.0,21.0,7.0,16.0,1.0,189.0,63.0,127.0,4.0,26.4,8.799999999999999,14.5,4.0,73.0,24.33333333333333,40.0,4.0,1.0,0.25,1.0,0.0
86,2021,105334,Josh Johnson,Running Back,RB,UL Monroe,Warhawks,ULM,http://insider.espn.com/nfl/draft/player/_/id/105334,,,,,,,,,70b554dbae32fc3635195cf1963732bb,209.0,68.875,23.0,296.0,32.0,https://a.espncdn.com/i/headshots/nfldraft/players/full/105334.png,2021.0,Louisiana-Monroe,RB,68.88,209.0,8.75,29.625,,4.64,20.0,34.5,113.0,4.44,7.25,,63995,4390717,UL Monroe,308.0,102.66666666666669,201.0,19.0,1688.0,562.6666666666666,1298.0,69.0,13.7,4.566666666666666,6.5,3.6,28.0,5.6,11.0,1.0,89.0,29.666666666666668,53.0,10.0,31.0,10.333333333333334,17.0,1.0,175.0,58.333333333333336,122.0,-1.0,11.6,3.866666666666667,9.4,-1.0,39.0,13.0,26.0,0.0,1.0,0.2,1.0,0.0
